Id,CustomerCode,AvailableBalance,DepositedBalance,TotalAvailableBalance,TransactionType,LastUpdated,DeductedBalance,DispatchBalance,RefundBalance,OrderNumber,ReferenceNumber,Balance
,MPOT001655,0.00,0,0.00,Fetch,1-Sep-26,0,0,0,0,0,Zero Balance
,MPOT003057,0.00,0,0.00,Fetch,1-Sep-26,0,0,0,0,0,Zero Balance
,MPOT003003,14145187.00,0,14145187.00,Fetch,1-Sep-26,0,0,0,0,0,Credit Balance
,MPOT003346,0.00,0,0.00,Fetch,1-Sep-26,0,0,0,0,0,Zero Balance
,MPOT000189,0.00,0,0.00,Fetch,1-Sep-26,0,0,0,0,0,Zero Balance
,MPOT003039,0.00,0,0.00,Fetch,1-Sep-26,0,0,0,0,0,Zero Balance
,MPOT003052,0.00,0,0.00,Fetch,1-Sep-26,0,0,0,0,0,Zero Balance
,MPOT002940,6084365.00,0,6084365.00,Fetch,1-Sep-26,0,0,0,0,0,Credit Balance
,MPOT002948,0.00,0,0.00,Fetch,1-Sep-26,0,0,0,0,0,Zero Balance
,MPOT002949,0.00,0,0.00,Fetch,1-Sep-26,0,0,0,0,0,Zero Balance
,MPOT002950,0.00,0,0.00,Fetch,1-Sep-26,0,0,0,0,0,Zero Balance
,MPOT002662,1331528.50,0,1331528.50,Fetch,1-Sep-26,0,0,0,0,0,Credit Balance
,MPOT002661,2003263.43,0,2003263.43,Fetch,1-Sep-26,0,0,0,0,0,Credit Balance
,MPOT002966,2000125.00,0,2000125.00,Fetch,1-Sep-26,0,0,0,0,0,Credit Balance
,MPOT002968,0.00,0,0.00,Fetch,1-Sep-26,0,0,0,0,0,Zero Balance
,MPOT001754,0.00,0,0.00,Fetch,1-Sep-26,0,0,0,0,0,Zero Balance
,MPOT002804,0.00,0,0.00,Fetch,1-Sep-26,0,0,0,0,0,Zero Balance
,MPOT002880,0.00,0,0.00,Fetch,1-Sep-26,0,0,0,0,0,Zero Balance
,AGRF0083,0.00,0,0.00,Fetch,1-Sep-26,0,0,0,0,0,Zero Balance
,MPOT003038,55.00,0,55.00,Fetch,1-Sep-26,0,0,0,0,0,Credit Balance
,MPOT002734,0.00,0,0.00,Fetch,1-Sep-26,0,0,0,0,0,Zero Balance
,MPOT002735,0.00,0,0.00,Fetch,1-Sep-26,0,0,0,0,0,Zero Balance
,MPOT002736,21895.00,0,21895.00,Fetch,1-Sep-26,0,0,0,0,0,Credit Balance
,MPOT002737,0.00,0,0.00,Fetch,1-Sep-26,0,0,0,0,0,Zero Balance
,MPOT000336,0.00,0,0.00,Fetch,1-Sep-26,0,0,0,0,0,Zero Balance
,MPOT002932,0.00,0,0.00,Fetch,1-Sep-26,0,0,0,0,0,Zero Balance
,MPOT002947,0.00,0,0.00,Fetch,1-Sep-26,0,0,0,0,0,Zero Balance
,MPOT002956,0.00,0,0.00,Fetch,1-Sep-26,0,0,0,0,0,Zero Balance
,MPOT002959,0.00,0,0.00,Fetch,1-Sep-26,0,0,0,0,0,Zero Balance
,MPOT002962,0.00,0,0.00,Fetch,1-Sep-26,0,0,0,0,0,Zero Balance
,MPOT002955,0.00,0,0.00,Fetch,1-Sep-26,0,0,0,0,0,Zero Balance
,MPOT002758,0.00,0,0.00,Fetch,1-Sep-26,0,0,0,0,0,Zero Balance
,MPOT002963,1500000.00,0,1500000.00,Fetch,1-Sep-26,0,0,0,0,0,Credit Balance
,MPOT002964,0.00,0,0.00,Fetch,1-Sep-26,0,0,0,0,0,Zero Balance
,MPOT002933,1560.00,0,1560.00,Fetch,1-Sep-26,0,0,0,0,0,Credit Balance
,MPOT000345,550000.00,0,550000.00,Fetch,1-Sep-26,0,0,0,0,0,Credit Balance
,AGGJ181,161620.31,0,161620.31,Fetch,1-Sep-26,0,0,0,0,0,Debit Balance
,MPOT000957,0.00,0,0.00,Fetch,1-Sep-26,0,0,0,0,0,Zero Balance
,MPOT003294,0.00,0,0.00,Fetch,1-Sep-26,0,0,0,0,0,Zero Balance
,MPOT003295,350.00,0,350.00,Fetch,1-Sep-26,0,0,0,0,0,Credit Balance
,MPOT003342,281235.00,0,281235.00,Fetch,1-Sep-26,0,0,0,0,0,Debit Balance
,MPOT003343,0.00,0,0.00,Fetch,1-Sep-26,0,0,0,0,0,Zero Balance
,MPOT003344,0.00,0,0.00,Fetch,1-Sep-26,0,0,0,0,0,Zero Balance
,MPOT003345,0.00,0,0.00,Fetch,1-Sep-26,0,0,0,0,0,Zero Balance
,MPOT003347,0.00,0,0.00,Fetch,1-Sep-26,0,0,0,0,0,Zero Balance
,MPOT002818,0.00,0,0.00,Fetch,1-Sep-26,0,0,0,0,0,Zero Balance
,MPOT002819,1009.00,0,1009.00,Fetch,1-Sep-26,0,0,0,0,0,Credit Balance
,MPOT002820,0.00,0,0.00,Fetch,1-Sep-26,0,0,0,0,0,Zero Balance
,MPOT002821,0.00,0,0.00,Fetch,1-Sep-26,0,0,0,0,0,Zero Balance
,MPOT002822,0.00,0,0.00,Fetch,1-Sep-26,0,0,0,0,0,Zero Balance
,MPOT002934,0.00,0,0.00,Fetch,1-Sep-26,0,0,0,0,0,Zero Balance
,MPOT002828,0.00,0,0.00,Fetch,1-Sep-26,0,0,0,0,0,Zero Balance
,MPOT002829,0.00,0,0.00,Fetch,1-Sep-26,0,0,0,0,0,Zero Balance
,MPOT002853,0.00,0,0.00,Fetch,1-Sep-26,0,0,0,0,0,Zero Balance
,MPOT002852,0.00,0,0.00,Fetch,1-Sep-26,0,0,0,0,0,Zero Balance
,MPOT002842,0.00,0,0.00,Fetch,1-Sep-26,0,0,0,0,0,Zero Balance
,MPOT002841,0.00,0,0.00,Fetch,1-Sep-26,0,0,0,0,0,Zero Balance
,MPOT002931,0.00,0,0.00,Fetch,1-Sep-26,0,0,0,0,0,Zero Balance
,MPOT001747,0.00,0,0.00,Fetch,1-Sep-26,0,0,0,0,0,Zero Balance
,MPOT002960,0.00,0,0.00,Fetch,1-Sep-26,0,0,0,0,0,Zero Balance
,MPOT002961,0.00,0,0.00,Fetch,1-Sep-26,0,0,0,0,0,Zero Balance
,MPOT002855,0.00,0,0.00,Fetch,1-Sep-26,0,0,0,0,0,Zero Balance
,MPOT002910,0.00,0,0.00,Fetch,1-Sep-26,0,0,0,0,0,Zero Balance
,MPOT002916,0.00,0,0.00,Fetch,1-Sep-26,0,0,0,0,0,Zero Balance
,MPOT000362,8795.00,0,8795.00,Fetch,1-Sep-26,0,0,0,0,0,Credit Balance
,MPOT002915,219995.00,0,219995.00,Fetch,1-Sep-26,0,0,0,0,0,Credit Balance
,MPOT002926,0.00,0,0.00,Fetch,1-Sep-26,0,0,0,0,0,Zero Balance
,MPOT002928,0.00,0,0.00,Fetch,1-Sep-26,0,0,0,0,0,Zero Balance
,MPOT001763,0.00,0,0.00,Fetch,1-Sep-26,0,0,0,0,0,Zero Balance
,MPOT002927,0.00,0,0.00,Fetch,1-Sep-26,0,0,0,0,0,Zero Balance
,MPOT001182,0.00,0,0.00,Fetch,1-Sep-26,0,0,0,0,0,Zero Balance
,MPOT002918,0.00,0,0.00,Fetch,1-Sep-26,0,0,0,0,0,Zero Balance
,MPOT002943,0.00,0,0.00,Fetch,1-Sep-26,0,0,0,0,0,Zero Balance
,MPOT002946,0.00,0,0.00,Fetch,1-Sep-26,0,0,0,0,0,Zero Balance
,MPOT000877,105000.00,0,105000.00,Fetch,1-Sep-26,0,0,0,0,0,Credit Balance
,MPOT002941,0.00,0,0.00,Fetch,1-Sep-26,0,0,0,0,0,Zero Balance
,MPOT002862,0.00,0,0.00,Fetch,1-Sep-26,0,0,0,0,0,Zero Balance
,MPOT002954,2000000.00,0,2000000.00,Fetch,1-Sep-26,0,0,0,0,0,Credit Balance
,MPOT002854,0.00,0,0.00,Fetch,1-Sep-26,0,0,0,0,0,Zero Balance
,MPOT001131,24765.00,0,24765.00,Fetch,1-Sep-26,0,0,0,0,0,Credit Balance
,MPOT003010,0.00,0,0.00,Fetch,1-Sep-26,0,0,0,0,0,Zero Balance
,MPOT002973,0.00,0,0.00,Fetch,1-Sep-26,0,0,0,0,0,Zero Balance
,MPOT002878,0.00,0,0.00,Fetch,1-Sep-26,0,0,0,0,0,Zero Balance
,MPOT003016,0.00,0,0.00,Fetch,1-Sep-26,0,0,0,0,0,Zero Balance
,MPOT003017,2000502.36,0,2000502.36,Fetch,1-Sep-26,0,0,0,0,0,Credit Balance
,MPOT003018,0.00,0,0.00,Fetch,1-Sep-26,0,0,0,0,0,Zero Balance
,MPOT002865,0.00,0,0.00,Fetch,1-Sep-26,0,0,0,0,0,Zero Balance
,MPOT002864,0.00,0,0.00,Fetch,1-Sep-26,0,0,0,0,0,Zero Balance
,MPOT003022,1500101.00,0,1500101.00,Fetch,1-Sep-26,0,0,0,0,0,Credit Balance
,MPOT003338,0.00,0,0.00,Fetch,1-Sep-26,0,0,0,0,0,Zero Balance
,MPOT003339,19296.00,0,19296.00,Fetch,1-Sep-26,0,0,0,0,0,Credit Balance
,MPOT003340,9001.00,0,9001.00,Fetch,1-Sep-26,0,0,0,0,0,Credit Balance
,MPOT003341,6400.00,0,6400.00,Fetch,1-Sep-26,0,0,0,0,0,Debit Balance
,MPOT000001,0.00,0,0.00,Fetch,1-Sep-26,0,0,0,0,0,Zero Balance
,MPOT000122,0.00,0,0.00,Fetch,1-Sep-26,0,0,0,0,0,Zero Balance
,MPOT000494,0.00,0,0.00,Fetch,1-Sep-26,0,0,0,0,0,Zero Balance
,MPOT000495,0.00,0,0.00,Fetch,1-Sep-26,0,0,0,0,0,Zero Balance
,MPOT000524,0.00,0,0.00,Fetch,1-Sep-26,0,0,0,0,0,Zero Balance
,AGWSP0302,0.00,0,0.00,Fetch,1-Sep-26,0,0,0,0,0,Zero Balance
,MPOT003046,0.00,0,0.00,Fetch,1-Sep-26,0,0,0,0,0,Zero Balance
,MPOT002975,4002456.00,0,4002456.00,Fetch,1-Sep-26,0,0,0,0,0,Credit Balance
,MPOT002977,14293288.00,0,14293288.00,Fetch,1-Sep-26,0,0,0,0,0,Credit Balance
,MPOT003358,10883024.00,0,10883024.00,Fetch,1-Sep-26,0,0,0,0,0,Credit Balance
,MPOT003041,20190.00,0,20190.00,Fetch,1-Sep-26,0,0,0,0,0,Credit Balance
,MPOT003042,0.00,0,0.00,Fetch,1-Sep-26,0,0,0,0,0,Zero Balance
,MPOT000294,0.00,0,0.00,Fetch,1-Sep-26,0,0,0,0,0,Zero Balance
,MPOT002885,0.00,0,0.00,Fetch,1-Sep-26,0,0,0,0,0,Zero Balance
,MPOT003043,0.00,0,0.00,Fetch,1-Sep-26,0,0,0,0,0,Zero Balance
,MPOT003044,0.00,0,0.00,Fetch,1-Sep-26,0,0,0,0,0,Zero Balance
,MPOT003045,0.00,0,0.00,Fetch,1-Sep-26,0,0,0,0,0,Zero Balance
,MPOT002801,0.00,0,0.00,Fetch,1-Sep-26,0,0,0,0,0,Zero Balance
,MPOT003054,0.00,0,0.00,Fetch,1-Sep-26,0,0,0,0,0,Zero Balance
,MPOT003055,0.00,0,0.00,Fetch,1-Sep-26,0,0,0,0,0,Zero Balance
,MPOT003056,0.00,0,0.00,Fetch,1-Sep-26,0,0,0,0,0,Zero Balance
,MPOT003047,0.00,0,0.00,Fetch,1-Sep-26,0,0,0,0,0,Zero Balance
,MPOT002448,0.00,0,0.00,Fetch,1-Sep-26,0,0,0,0,0,Zero Balance
,AGWS0208,316643.00,0,316643.00,Fetch,1-Sep-26,0,0,0,0,0,Credit Balance
,AGWS0209,110000.00,0,110000.00,Fetch,1-Sep-26,0,0,0,0,0,Credit Balance
,AGWS0212,0.00,0,0.00,Fetch,1-Sep-26,0,0,0,0,0,Zero Balance
,MPOT000522,412497.00,0,412497.00,Fetch,1-Sep-26,0,0,0,0,0,Credit Balance
,MPOT003332,0.00,0,0.00,Fetch,1-Sep-26,0,0,0,0,0,Zero Balance
,MPOT000234,0.00,0,0.00,Fetch,1-Sep-26,0,0,0,0,0,Zero Balance
,MPOT003312,0.00,0,0.00,Fetch,1-Sep-26,0,0,0,0,0,Zero Balance
,MPOT003313,78.67,0,78.67,Fetch,1-Sep-26,0,0,0,0,0,Credit Balance
,AGWSP0294,844000.00,0,844000.00,Fetch,1-Sep-26,0,0,0,0,0,Credit Balance
,MPOT000758,0.00,0,0.00,Fetch,1-Sep-26,0,0,0,0,0,Zero Balance
,MPOT003352,0.00,0,0.00,Fetch,1-Sep-26,0,0,0,0,0,Zero Balance
,MPOT002872,499954.67,0,499954.67,Fetch,1-Sep-26,0,0,0,0,0,Credit Balance
,MPOT003030,2000078.67,0,2000078.67,Fetch,1-Sep-26,0,0,0,0,0,Credit Balance
,MPOT003031,0.00,0,0.00,Fetch,1-Sep-26,0,0,0,0,0,Zero Balance
,MPOT003032,0.00,0,0.00,Fetch,1-Sep-26,0,0,0,0,0,Zero Balance
,MPOT003033,0.00,0,0.00,Fetch,1-Sep-26,0,0,0,0,0,Zero Balance
,MPOT003040,0.00,0,0.00,Fetch,1-Sep-26,0,0,0,0,0,Zero Balance
,MPOT003377,0.00,0,0.00,Fetch,1-Sep-26,0,0,0,0,0,Zero Balance
,MPOT002874,0.00,0,0.00,Fetch,1-Sep-26,0,0,0,0,0,Zero Balance
,MPOT001613,0.00,0,0.00,Fetch,1-Sep-26,0,0,0,0,0,Zero Balance
,MPOT000676,0.00,0,0.00,Fetch,1-Sep-26,0,0,0,0,0,Zero Balance
,MPOT000677,0.00,0,0.00,Fetch,1-Sep-26,0,0,0,0,0,Zero Balance
,MPOT000678,0.00,0,0.00,Fetch,1-Sep-26,0,0,0,0,0,Zero Balance
,MPOT000551,0.00,0,0.00,Fetch,1-Sep-26,0,0,0,0,0,Zero Balance
,MPOT000731,0.00,0,0.00,Fetch,1-Sep-26,0,0,0,0,0,Zero Balance
,MPOT000732,0.00,0,0.00,Fetch,1-Sep-26,0,0,0,0,0,Zero Balance
,MPOT001626,0.00,0,0.00,Fetch,1-Sep-26,0,0,0,0,0,Zero Balance
,MPOT001645,0.00,0,0.00,Fetch,1-Sep-26,0,0,0,0,0,Zero Balance
,MPOT001596,0.00,0,0.00,Fetch,1-Sep-26,0,0,0,0,0,Zero Balance
,MPOT001180,42766.67,0,42766.67,Fetch,1-Sep-26,0,0,0,0,0,Credit Balance
,MPOT001615,0.00,0,0.00,Fetch,1-Sep-26,0,0,0,0,0,Zero Balance
,MPOT001652,0.00,0,0.00,Fetch,1-Sep-26,0,0,0,0,0,Zero Balance
,MPOT001653,0.00,0,0.00,Fetch,1-Sep-26,0,0,0,0,0,Zero Balance
,MPOT001555,0.00,0,0.00,Fetch,1-Sep-26,0,0,0,0,0,Zero Balance
,MPOT001556,0.00,0,0.00,Fetch,1-Sep-26,0,0,0,0,0,Zero Balance
,MPOT001202,0.00,0,0.00,Fetch,1-Sep-26,0,0,0,0,0,Zero Balance
,MPOT001685,0.00,0,0.00,Fetch,1-Sep-26,0,0,0,0,0,Zero Balance
,MPOT001375,1495.00,0,1495.00,Fetch,1-Sep-26,0,0,0,0,0,Credit Balance
,MPOT001376,0.00,0,0.00,Fetch,1-Sep-26,0,0,0,0,0,Zero Balance
,MPOT000798,0.00,0,0.00,Fetch,1-Sep-26,0,0,0,0,0,Zero Balance
,MPOT000804,183000.00,0,183000.00,Fetch,1-Sep-26,0,0,0,0,0,Credit Balance
,MPOT001218,1301.96,0,1301.96,Fetch,1-Sep-26,0,0,0,0,0,Debit Balance
,MPOT001020,0.00,0,0.00,Fetch,1-Sep-26,0,0,0,0,0,Zero Balance
,MPOT001196,9882.00,0,9882.00,Fetch,1-Sep-26,0,0,0,0,0,Credit Balance
,MPOT001529,0.00,0,0.00,Fetch,1-Sep-26,0,0,0,0,0,Zero Balance
,MPOT001216,0.00,0,0.00,Fetch,1-Sep-26,0,0,0,0,0,Zero Balance
,MPOT000711,0.00,0,0.00,Fetch,1-Sep-26,0,0,0,0,0,Zero Balance
,MPOT000725,0.00,0,0.00,Fetch,1-Sep-26,0,0,0,0,0,Zero Balance
,MPOT000726,0.00,0,0.00,Fetch,1-Sep-26,0,0,0,0,0,Zero Balance
,MPOT000009,0.00,0,0.00,Fetch,1-Sep-26,0,0,0,0,0,Zero Balance
,MPOT000546,0.00,0,0.00,Fetch,1-Sep-26,0,0,0,0,0,Zero Balance
,MPOT000700,0.00,0,0.00,Fetch,1-Sep-26,0,0,0,0,0,Zero Balance
,MPOT000701,0.00,0,0.00,Fetch,1-Sep-26,0,0,0,0,0,Zero Balance
,MPOT000702,0.00,0,0.00,Fetch,1-Sep-26,0,0,0,0,0,Zero Balance
,MPOT000704,0.00,0,0.00,Fetch,1-Sep-26,0,0,0,0,0,Zero Balance
,MPOT000703,0.00,0,0.00,Fetch,1-Sep-26,0,0,0,0,0,Zero Balance
,MPOT000705,6032213.68,0,6032213.68,Fetch,1-Sep-26,0,0,0,0,0,Credit Balance
,MPOT000706,0.00,0,0.00,Fetch,1-Sep-26,0,0,0,0,0,Zero Balance
,MPOT001190,0.00,0,0.00,Fetch,1-Sep-26,0,0,0,0,0,Zero Balance
,MPOT000819,6009114.00,0,6009114.00,Fetch,1-Sep-26,0,0,0,0,0,Credit Balance
,MPOT000820,0.00,0,0.00,Fetch,1-Sep-26,0,0,0,0,0,Zero Balance
,MPOT000821,0.00,0,0.00,Fetch,1-Sep-26,0,0,0,0,0,Zero Balance
,MPOT000822,1000000.00,0,1000000.00,Fetch,1-Sep-26,0,0,0,0,0,Credit Balance
,MPOT000823,0.00,0,0.00,Fetch,1-Sep-26,0,0,0,0,0,Zero Balance
,MPOT000824,0.00,0,0.00,Fetch,1-Sep-26,0,0,0,0,0,Zero Balance
,MPOT000569,152236.00,0,152236.00,Fetch,1-Sep-26,0,0,0,0,0,Credit Balance
,MPOT000570,0.00,0,0.00,Fetch,1-Sep-26,0,0,0,0,0,Zero Balance
,MPOT000571,0.00,0,0.00,Fetch,1-Sep-26,0,0,0,0,0,Zero Balance
,MPOT000582,0.00,0,0.00,Fetch,1-Sep-26,0,0,0,0,0,Zero Balance
,MPOT000601,0.00,0,0.00,Fetch,1-Sep-26,0,0,0,0,0,Zero Balance
,MPOT000617,0.00,0,0.00,Fetch,1-Sep-26,0,0,0,0,0,Zero Balance
,MPOT000012,0.00,0,0.00,Fetch,1-Sep-26,0,0,0,0,0,Zero Balance
,MPOT000671,0.00,0,0.00,Fetch,1-Sep-26,0,0,0,0,0,Zero Balance
,MPOT000672,0.00,0,0.00,Fetch,1-Sep-26,0,0,0,0,0,Zero Balance
,MPOT000679,0.00,0,0.00,Fetch,1-Sep-26,0,0,0,0,0,Zero Balance
,MPOT000680,0.00,0,0.00,Fetch,1-Sep-26,0,0,0,0,0,Zero Balance
,MPOT000681,275.00,0,275.00,Fetch,1-Sep-26,0,0,0,0,0,Credit Balance
,MPOT000682,0.00,0,0.00,Fetch,1-Sep-26,0,0,0,0,0,Zero Balance
,MPOT000692,78805.90,0,78805.90,Fetch,1-Sep-26,0,0,0,0,0,Debit Balance
,MPOT000693,0.00,0,0.00,Fetch,1-Sep-26,0,0,0,0,0,Zero Balance
,MPOT000695,0.00,0,0.00,Fetch,1-Sep-26,0,0,0,0,0,Zero Balance
,MPOT000675,0.00,0,0.00,Fetch,1-Sep-26,0,0,0,0,0,Zero Balance
,MPOT000014,0.00,0,0.00,Fetch,1-Sep-26,0,0,0,0,0,Zero Balance
,MPOT000735,9999.00,0,9999.00,Fetch,1-Sep-26,0,0,0,0,0,Credit Balance
,MPOT000778,0.00,0,0.00,Fetch,1-Sep-26,0,0,0,0,0,Zero Balance
,MPOT000800,0.00,0,0.00,Fetch,1-Sep-26,0,0,0,0,0,Zero Balance
,MPOT000799,0.00,0,0.00,Fetch,1-Sep-26,0,0,0,0,0,Zero Balance
,MPOT000801,0.00,0,0.00,Fetch,1-Sep-26,0,0,0,0,0,Zero Balance
,MPOT000828,0.00,0,0.00,Fetch,1-Sep-26,0,0,0,0,0,Zero Balance
,MPOT000850,301.00,0,301.00,Fetch,1-Sep-26,0,0,0,0,0,Credit Balance
,MPOT000849,0.00,0,0.00,Fetch,1-Sep-26,0,0,0,0,0,Zero Balance
,MPOT000858,0.00,0,0.00,Fetch,1-Sep-26,0,0,0,0,0,Zero Balance
,MPOT000859,0.00,0,0.00,Fetch,1-Sep-26,0,0,0,0,0,Zero Balance
,MPOT000332,0.00,0,0.00,Fetch,1-Sep-26,0,0,0,0,0,Zero Balance
,MPOT000897,0.00,0,0.00,Fetch,1-Sep-26,0,0,0,0,0,Zero Balance
,MPOT000898,0.00,0,0.00,Fetch,1-Sep-26,0,0,0,0,0,Zero Balance
,MPOT000238,5598600.00,0,5598600.00,Fetch,1-Sep-26,0,0,0,0,0,Credit Balance
,MPOT000956,0.00,0,0.00,Fetch,1-Sep-26,0,0,0,0,0,Zero Balance
,MPOT001080,0.00,0,0.00,Fetch,1-Sep-26,0,0,0,0,0,Zero Balance
,MPOT001079,0.00,0,0.00,Fetch,1-Sep-26,0,0,0,0,0,Zero Balance
,MPOT000193,0.00,0,0.00,Fetch,1-Sep-26,0,0,0,0,0,Zero Balance
,MPOT001099,0.00,0,0.00,Fetch,1-Sep-26,0,0,0,0,0,Zero Balance
,MPOT001100,0.00,0,0.00,Fetch,1-Sep-26,0,0,0,0,0,Zero Balance
,MPOT000797,0.00,0,0.00,Fetch,1-Sep-26,0,0,0,0,0,Zero Balance
,MPOT001106,0.00,0,0.00,Fetch,1-Sep-26,0,0,0,0,0,Zero Balance
,MPOT001133,0.00,0,0.00,Fetch,1-Sep-26,0,0,0,0,0,Zero Balance
,MPOT001171,0.00,0,0.00,Fetch,1-Sep-26,0,0,0,0,0,Zero Balance
,MPOT001179,0.00,0,0.00,Fetch,1-Sep-26,0,0,0,0,0,Zero Balance
,MPOT001178,0.00,0,0.00,Fetch,1-Sep-26,0,0,0,0,0,Zero Balance
,MPOT001201,0.00,0,0.00,Fetch,1-Sep-26,0,0,0,0,0,Zero Balance
,MPOT001288,0.00,0,0.00,Fetch,1-Sep-26,0,0,0,0,0,Zero Balance
,MPOT001289,3200.00,0,3200.00,Fetch,1-Sep-26,0,0,0,0,0,Debit Balance
,MPOT001290,0.00,0,0.00,Fetch,1-Sep-26,0,0,0,0,0,Zero Balance
,MPOT001612,0.00,0,0.00,Fetch,1-Sep-26,0,0,0,0,0,Zero Balance
,MPOT001623,0.00,0,0.00,Fetch,1-Sep-26,0,0,0,0,0,Zero Balance
,MPOT001624,0.00,0,0.00,Fetch,1-Sep-26,0,0,0,0,0,Zero Balance
,MPOT001625,0.00,0,0.00,Fetch,1-Sep-26,0,0,0,0,0,Zero Balance
,MPOT000435,0.00,0,0.00,Fetch,1-Sep-26,0,0,0,0,0,Zero Balance
,MPOT000006,0.00,0,0.00,Fetch,1-Sep-26,0,0,0,0,0,Zero Balance
,MPOT000209,0.00,0,0.00,Fetch,1-Sep-26,0,0,0,0,0,Zero Balance
,MPOT000304,0.00,0,0.00,Fetch,1-Sep-26,0,0,0,0,0,Zero Balance
,MPOT000447,6.00,0,6.00,Fetch,1-Sep-26,0,0,0,0,0,Debit Balance
,MPOT000097,0.00,0,0.00,Fetch,1-Sep-26,0,0,0,0,0,Zero Balance
,MPOT000473,0.00,0,0.00,Fetch,1-Sep-26,0,0,0,0,0,Zero Balance
,MPOT000474,0.00,0,0.00,Fetch,1-Sep-26,0,0,0,0,0,Zero Balance
,MPOT000475,0.00,0,0.00,Fetch,1-Sep-26,0,0,0,0,0,Zero Balance
,MPOT000476,0.00,0,0.00,Fetch,1-Sep-26,0,0,0,0,0,Zero Balance
,MPOT000477,0.00,0,0.00,Fetch,1-Sep-26,0,0,0,0,0,Zero Balance
,MPOT000479,0.00,0,0.00,Fetch,1-Sep-26,0,0,0,0,0,Zero Balance
,MPOT000508,0.00,0,0.00,Fetch,1-Sep-26,0,0,0,0,0,Zero Balance
,MPOT000519,0.00,0,0.00,Fetch,1-Sep-26,0,0,0,0,0,Zero Balance
,MPOT000529,0.00,0,0.00,Fetch,1-Sep-26,0,0,0,0,0,Zero Balance
,MPOT000530,0.00,0,0.00,Fetch,1-Sep-26,0,0,0,0,0,Zero Balance
,MPOT000536,0.00,0,0.00,Fetch,1-Sep-26,0,0,0,0,0,Zero Balance
,MPOT000552,0.00,0,0.00,Fetch,1-Sep-26,0,0,0,0,0,Zero Balance
,MPOT000553,0.00,0,0.00,Fetch,1-Sep-26,0,0,0,0,0,Zero Balance
,MPOT000555,0.00,0,0.00,Fetch,1-Sep-26,0,0,0,0,0,Zero Balance
,MPOT000005,0.00,0,0.00,Fetch,1-Sep-26,0,0,0,0,0,Zero Balance
,MPOT000182,0.00,0,0.00,Fetch,1-Sep-26,0,0,0,0,0,Zero Balance
,AGCTI0023,0.00,0,0.00,Fetch,1-Sep-26,0,0,0,0,0,Zero Balance
,AGRS0085,0.00,0,0.00,Fetch,1-Sep-26,0,0,0,0,0,Zero Balance
,AGSKA0109,0.00,0,0.00,Fetch,1-Sep-26,0,0,0,0,0,Zero Balance
,AGAAT0003,4964800.00,0,4964800.00,Fetch,1-Sep-26,0,0,0,0,0,Credit Balance
,AGPSAW0075,0.00,0,0.00,Fetch,1-Sep-26,0,0,0,0,0,Zero Balance
,AGKBS0182,0.00,0,0.00,Fetch,1-Sep-26,0,0,0,0,0,Zero Balance
,AGUVM0126,0.00,0,0.00,Fetch,1-Sep-26,0,0,0,0,0,Zero Balance
,AGMBK0063,0.00,0,0.00,Fetch,1-Sep-26,0,0,0,0,0,Zero Balance
,AGATAN0011,0.00,0,0.00,Fetch,1-Sep-26,0,0,0,0,0,Zero Balance
,AGRF071,0.00,0,0.00,Fetch,1-Sep-26,0,0,0,0,0,Zero Balance
,AGSGF0114,0.00,0,0.00,Fetch,1-Sep-26,0,0,0,0,0,Zero Balance
,MPOT001719,0.00,0,0.00,Fetch,1-Sep-26,0,0,0,0,0,Zero Balance
,MPOT001810,6619.00,0,6619.00,Fetch,1-Sep-26,0,0,0,0,0,Credit Balance
,MPOT001764,0.00,0,0.00,Fetch,1-Sep-26,0,0,0,0,0,Zero Balance
,MPOT002525,0.00,0,0.00,Fetch,1-Sep-26,0,0,0,0,0,Zero Balance
,MPOT002526,0.00,0,0.00,Fetch,1-Sep-26,0,0,0,0,0,Zero Balance
,MPOT002527,0.00,0,0.00,Fetch,1-Sep-26,0,0,0,0,0,Zero Balance
,MPOT001770,0.00,0,0.00,Fetch,1-Sep-26,0,0,0,0,0,Zero Balance
,MPOT002498,0.00,0,0.00,Fetch,1-Sep-26,0,0,0,0,0,Zero Balance
,MPOT001714,0.00,0,0.00,Fetch,1-Sep-26,0,0,0,0,0,Zero Balance
,MPOT002408,0.00,0,0.00,Fetch,1-Sep-26,0,0,0,0,0,Zero Balance
,MPOT002409,0.00,0,0.00,Fetch,1-Sep-26,0,0,0,0,0,Zero Balance
,MPOT002520,5036185.00,0,5036185.00,Fetch,1-Sep-26,0,0,0,0,0,Credit Balance
,MPOT001816,3042.67,0,3042.67,Fetch,1-Sep-26,0,0,0,0,0,Debit Balance
,MPOT001817,0.00,0,0.00,Fetch,1-Sep-26,0,0,0,0,0,Zero Balance
,MPOT001818,1000.00,0,1000.00,Fetch,1-Sep-26,0,0,0,0,0,Debit Balance
,MPOT001750,0.00,0,0.00,Fetch,1-Sep-26,0,0,0,0,0,Zero Balance
,MPOT002492,0.00,0,0.00,Fetch,1-Sep-26,0,0,0,0,0,Zero Balance
,MPOT002482,1000000.00,0,1000000.00,Fetch,1-Sep-26,0,0,0,0,0,Credit Balance
,MPOT002481,0.00,0,0.00,Fetch,1-Sep-26,0,0,0,0,0,Zero Balance
,MPOT002480,0.00,0,0.00,Fetch,1-Sep-26,0,0,0,0,0,Zero Balance
,MPOT002479,0.00,0,0.00,Fetch,1-Sep-26,0,0,0,0,0,Zero Balance
,MPOT002478,0.00,0,0.00,Fetch,1-Sep-26,0,0,0,0,0,Zero Balance
,MPOT002477,0.00,0,0.00,Fetch,1-Sep-26,0,0,0,0,0,Zero Balance
,MPOT002476,0.00,0,0.00,Fetch,1-Sep-26,0,0,0,0,0,Zero Balance
,MPOT002475,0.00,0,0.00,Fetch,1-Sep-26,0,0,0,0,0,Zero Balance
,MPOT002473,0.00,0,0.00,Fetch,1-Sep-26,0,0,0,0,0,Zero Balance
,MPOT002471,2000125.00,0,2000125.00,Fetch,1-Sep-26,0,0,0,0,0,Credit Balance
,MPOT002470,0.00,0,0.00,Fetch,1-Sep-26,0,0,0,0,0,Zero Balance
,MPOT002469,870000.00,0,870000.00,Fetch,1-Sep-26,0,0,0,0,0,Credit Balance
,MPOT002468,0.00,0,0.00,Fetch,1-Sep-26,0,0,0,0,0,Zero Balance
,MPOT002467,0.00,0,0.00,Fetch,1-Sep-26,0,0,0,0,0,Zero Balance
,MPOT002466,0.00,0,0.00,Fetch,1-Sep-26,0,0,0,0,0,Zero Balance
,MPOT002465,0.00,0,0.00,Fetch,1-Sep-26,0,0,0,0,0,Zero Balance
,MPOT001591,0.00,0,0.00,Fetch,1-Sep-26,0,0,0,0,0,Zero Balance
,MPOT001576,0.00,0,0.00,Fetch,1-Sep-26,0,0,0,0,0,Zero Balance
,MPOT001577,600085.00,0,600085.00,Fetch,1-Sep-26,0,0,0,0,0,Debit Balance
,MPOT001578,0.00,0,0.00,Fetch,1-Sep-26,0,0,0,0,0,Zero Balance
,MPOT001579,0.00,0,0.00,Fetch,1-Sep-26,0,0,0,0,0,Zero Balance
,MPOT001580,0.00,0,0.00,Fetch,1-Sep-26,0,0,0,0,0,Zero Balance
,MPOT001619,0.00,0,0.00,Fetch,1-Sep-26,0,0,0,0,0,Zero Balance
,MPOT000763,0.00,0,0.00,Fetch,1-Sep-26,0,0,0,0,0,Zero Balance
,MPOT001600,0.00,0,0.00,Fetch,1-Sep-26,0,0,0,0,0,Zero Balance
,MPOT000761,2152.00,0,2152.00,Fetch,1-Sep-26,0,0,0,0,0,Credit Balance
,MPOT000501,0.00,0,0.00,Fetch,1-Sep-26,0,0,0,0,0,Zero Balance
,MPOT000694,0.00,0,0.00,Fetch,1-Sep-26,0,0,0,0,0,Zero Balance
,MPOT001450,0.00,0,0.00,Fetch,1-Sep-26,0,0,0,0,0,Zero Balance
,MPOT001451,0.00,0,0.00,Fetch,1-Sep-26,0,0,0,0,0,Zero Balance
,MPOT001452,0.00,0,0.00,Fetch,1-Sep-26,0,0,0,0,0,Zero Balance
,MPOT001462,0.00,0,0.00,Fetch,1-Sep-26,0,0,0,0,0,Zero Balance
,MPOT001463,0.00,0,0.00,Fetch,1-Sep-26,0,0,0,0,0,Zero Balance
,MPOT001467,0.00,0,0.00,Fetch,1-Sep-26,0,0,0,0,0,Zero Balance
,MPOT001495,0.00,0,0.00,Fetch,1-Sep-26,0,0,0,0,0,Zero Balance
,MPOT001499,0.00,0,0.00,Fetch,1-Sep-26,0,0,0,0,0,Zero Balance
,MPOT000851,0.00,0,0.00,Fetch,1-Sep-26,0,0,0,0,0,Zero Balance
,MPOT001023,0.00,0,0.00,Fetch,1-Sep-26,0,0,0,0,0,Zero Balance
,MPOT001668,0.00,0,0.00,Fetch,1-Sep-26,0,0,0,0,0,Zero Balance
,MPOT001686,0.00,0,0.00,Fetch,1-Sep-26,0,0,0,0,0,Zero Balance
,MPOT000753,174749.00,0,174749.00,Fetch,1-Sep-26,0,0,0,0,0,Debit Balance
,MPOT000600,0.00,0,0.00,Fetch,1-Sep-26,0,0,0,0,0,Zero Balance
,MPOT000764,0.00,0,0.00,Fetch,1-Sep-26,0,0,0,0,0,Zero Balance
,MPOT000066,0.00,0,0.00,Fetch,1-Sep-26,0,0,0,0,0,Zero Balance
,MPOT002444,0.00,0,0.00,Fetch,1-Sep-26,0,0,0,0,0,Zero Balance
,MPOT002435,0.00,0,0.00,Fetch,1-Sep-26,0,0,0,0,0,Zero Balance
,MPOT001781,19200.00,0,19200.00,Fetch,1-Sep-26,0,0,0,0,0,Debit Balance
,MPOT001684,0.00,0,0.00,Fetch,1-Sep-26,0,0,0,0,0,Zero Balance
,MPOT001814,3200.00,0,3200.00,Fetch,1-Sep-26,0,0,0,0,0,Credit Balance
,MPOT001735,0.00,0,0.00,Fetch,1-Sep-26,0,0,0,0,0,Zero Balance
,MPOT001749,0.00,0,0.00,Fetch,1-Sep-26,0,0,0,0,0,Zero Balance
,MPOT001783,0.00,0,0.00,Fetch,1-Sep-26,0,0,0,0,0,Zero Balance
,MPOT001784,7303.82,0,7303.82,Fetch,1-Sep-26,0,0,0,0,0,Debit Balance
,MPOT001785,0.00,0,0.00,Fetch,1-Sep-26,0,0,0,0,0,Zero Balance
,MPOT001786,0.00,0,0.00,Fetch,1-Sep-26,0,0,0,0,0,Zero Balance
,MPOT001787,0.00,0,0.00,Fetch,1-Sep-26,0,0,0,0,0,Zero Balance
,MPOT001788,0.00,0,0.00,Fetch,1-Sep-26,0,0,0,0,0,Zero Balance
,MPOT001941,0.00,0,0.00,Fetch,1-Sep-26,0,0,0,0,0,Zero Balance
,MPOT001959,0.00,0,0.00,Fetch,1-Sep-26,0,0,0,0,0,Zero Balance
,MPOT001960,100.00,0,100.00,Fetch,1-Sep-26,0,0,0,0,0,Credit Balance
,MPOT001961,0.00,0,0.00,Fetch,1-Sep-26,0,0,0,0,0,Zero Balance
,MPOT002317,0.00,0,0.00,Fetch,1-Sep-26,0,0,0,0,0,Zero Balance
,MPOT002318,0.00,0,0.00,Fetch,1-Sep-26,0,0,0,0,0,Zero Balance
,MPOT002319,0.00,0,0.00,Fetch,1-Sep-26,0,0,0,0,0,Zero Balance
,MPOT002320,3200.00,0,3200.00,Fetch,1-Sep-26,0,0,0,0,0,Credit Balance
,MPOT002321,21403.00,0,21403.00,Fetch,1-Sep-26,0,0,0,0,0,Credit Balance
,MPOT002322,0.00,0,0.00,Fetch,1-Sep-26,0,0,0,0,0,Zero Balance
,MPOT002323,0.00,0,0.00,Fetch,1-Sep-26,0,0,0,0,0,Zero Balance
,MPOT002337,0.00,0,0.00,Fetch,1-Sep-26,0,0,0,0,0,Zero Balance
,MPOT002352,0.00,0,0.00,Fetch,1-Sep-26,0,0,0,0,0,Zero Balance
,MPOT002353,500078.67,0,500078.67,Fetch,1-Sep-26,0,0,0,0,0,Credit Balance
,MPOT002354,0.00,0,0.00,Fetch,1-Sep-26,0,0,0,0,0,Zero Balance
,MPOT002359,0.00,0,0.00,Fetch,1-Sep-26,0,0,0,0,0,Zero Balance
,MPOT002370,0.00,0,0.00,Fetch,1-Sep-26,0,0,0,0,0,Zero Balance
,MPOT002513,0.00,0,0.00,Fetch,1-Sep-26,0,0,0,0,0,Zero Balance
,MPOT002517,16937.00,0,16937.00,Fetch,1-Sep-26,0,0,0,0,0,Credit Balance
,MPOT002553,500.00,0,500.00,Fetch,1-Sep-26,0,0,0,0,0,Credit Balance
,MPOT000325,0.00,0,0.00,Fetch,1-Sep-26,0,0,0,0,0,Zero Balance
,MPOT000337,0.00,0,0.00,Fetch,1-Sep-26,0,0,0,0,0,Zero Balance
,MPOT000450,0.00,0,0.00,Fetch,1-Sep-26,0,0,0,0,0,Zero Balance
,MPOT000452,0.00,0,0.00,Fetch,1-Sep-26,0,0,0,0,0,Zero Balance
,MPOT000453,0.00,0,0.00,Fetch,1-Sep-26,0,0,0,0,0,Zero Balance
,MPOT000459,23800.00,0,23800.00,Fetch,1-Sep-26,0,0,0,0,0,Credit Balance
,MPOT000460,0.00,0,0.00,Fetch,1-Sep-26,0,0,0,0,0,Zero Balance
,MPOT000461,0.00,0,0.00,Fetch,1-Sep-26,0,0,0,0,0,Zero Balance
,MPOT000462,0.00,0,0.00,Fetch,1-Sep-26,0,0,0,0,0,Zero Balance
,MPOT000463,0.00,0,0.00,Fetch,1-Sep-26,0,0,0,0,0,Zero Balance
,MPOT000464,0.00,0,0.00,Fetch,1-Sep-26,0,0,0,0,0,Zero Balance
,MPOT000465,1500000.00,0,1500000.00,Fetch,1-Sep-26,0,0,0,0,0,Credit Balance
,MPOT000480,0.00,0,0.00,Fetch,1-Sep-26,0,0,0,0,0,Zero Balance
,MPOT000507,0.00,0,0.00,Fetch,1-Sep-26,0,0,0,0,0,Zero Balance
,MPOT000528,0.00,0,0.00,Fetch,1-Sep-26,0,0,0,0,0,Zero Balance
,AGSPCP0097,7911.10,0,7911.10,Fetch,1-Sep-26,0,0,0,0,0,Debit Balance
,AGSCS0319,0.00,0,0.00,Fetch,1-Sep-26,0,0,0,0,0,Zero Balance
,AGSIP0263,1573810.00,0,1573810.00,Fetch,1-Sep-26,0,0,0,0,0,Credit Balance
,AGMHZPC106,0.00,0,0.00,Fetch,1-Sep-26,0,0,0,0,0,Zero Balance
,SPM0022,0.00,0,0.00,Fetch,1-Sep-26,0,0,0,0,0,Zero Balance
,SPP0007,510.00,0,510.00,Fetch,1-Sep-26,0,0,0,0,0,Credit Balance
,SPJ0060,0.00,0,0.00,Fetch,1-Sep-26,0,0,0,0,0,Zero Balance
,MPOT000146,0.00,0,0.00,Fetch,1-Sep-26,0,0,0,0,0,Zero Balance
,MPOT000176,1320000.00,0,1320000.00,Fetch,1-Sep-26,0,0,0,0,0,Credit Balance
,MPOT000180,4250.00,0,4250.00,Fetch,1-Sep-26,0,0,0,0,0,Credit Balance
,MPOT000198,1500078.67,0,1500078.67,Fetch,1-Sep-26,0,0,0,0,0,Credit Balance
,MPOT000199,0.00,0,0.00,Fetch,1-Sep-26,0,0,0,0,0,Zero Balance
,MPOT000200,0.00,0,0.00,Fetch,1-Sep-26,0,0,0,0,0,Zero Balance
,MPOT000237,9724.00,0,9724.00,Fetch,1-Sep-26,0,0,0,0,0,Credit Balance
,MPOT000230,0.00,0,0.00,Fetch,1-Sep-26,0,0,0,0,0,Zero Balance
,MPOT000307,0.00,0,0.00,Fetch,1-Sep-26,0,0,0,0,0,Zero Balance
,MPOT000309,0.00,0,0.00,Fetch,1-Sep-26,0,0,0,0,0,Zero Balance
,MPOT000434,0.00,0,0.00,Fetch,1-Sep-26,0,0,0,0,0,Zero Balance
,MPOT002738,0.00,0,0.00,Fetch,1-Sep-26,0,0,0,0,0,Zero Balance
,MPOT002739,0.00,0,0.00,Fetch,1-Sep-26,0,0,0,0,0,Zero Balance
,MPOT002740,0.00,0,0.00,Fetch,1-Sep-26,0,0,0,0,0,Zero Balance
,MPOT003253,0.00,0,0.00,Fetch,1-Sep-26,0,0,0,0,0,Zero Balance
,MPOT003252,0.00,0,0.00,Fetch,1-Sep-26,0,0,0,0,0,Zero Balance
,AGDIF9720,0.00,0,0.00,Fetch,1-Sep-26,0,0,0,0,0,Zero Balance
,AGLA1762,0.00,0,0.00,Fetch,1-Sep-26,0,0,0,0,0,Zero Balance
,MPOT002951,0.00,0,0.00,Fetch,1-Sep-26,0,0,0,0,0,Zero Balance
,MPOT002925,0.00,0,0.00,Fetch,1-Sep-26,0,0,0,0,0,Zero Balance
,MPOT001149,0.00,0,0.00,Fetch,1-Sep-26,0,0,0,0,0,Zero Balance
,MPOT001123,150161.60,0,150161.60,Fetch,1-Sep-26,0,0,0,0,0,Credit Balance
,MPOT000204,0.00,0,0.00,Fetch,1-Sep-26,0,0,0,0,0,Zero Balance
,MPOT001713,0.00,0,0.00,Fetch,1-Sep-26,0,0,0,0,0,Zero Balance
,MPOT001210,455.00,0,455.00,Fetch,1-Sep-26,0,0,0,0,0,Debit Balance
,MPOT001707,0.00,0,0.00,Fetch,1-Sep-26,0,0,0,0,0,Zero Balance
,MPOT001232,8.00,0,8.00,Fetch,1-Sep-26,0,0,0,0,0,Credit Balance
,MPOT001683,0.00,0,0.00,Fetch,1-Sep-26,0,0,0,0,0,Zero Balance
,MPOT001238,0.00,0,0.00,Fetch,1-Sep-26,0,0,0,0,0,Zero Balance
,MPOT001620,0.00,0,0.00,Fetch,1-Sep-26,0,0,0,0,0,Zero Balance
,MPOT002490,0.00,0,0.00,Fetch,1-Sep-26,0,0,0,0,0,Zero Balance
,MPOT000181,0.00,0,0.00,Fetch,1-Sep-26,0,0,0,0,0,Zero Balance
,MPOT000566,0.00,0,0.00,Fetch,1-Sep-26,0,0,0,0,0,Zero Balance
,MPOT000722,0.00,0,0.00,Fetch,1-Sep-26,0,0,0,0,0,Zero Balance
,MPOT001648,0.00,0,0.00,Fetch,1-Sep-26,0,0,0,0,0,Zero Balance
,MPOT001649,0.00,0,0.00,Fetch,1-Sep-26,0,0,0,0,0,Zero Balance
,MPOT001650,0.00,0,0.00,Fetch,1-Sep-26,0,0,0,0,0,Zero Balance
,MPOT001688,0.00,0,0.00,Fetch,1-Sep-26,0,0,0,0,0,Zero Balance
,AGMHZPC685,0.00,0,0.00,Fetch,1-Sep-26,0,0,0,0,0,Zero Balance
,AGMHZPC05,0.00,0,0.00,Fetch,1-Sep-26,0,0,0,0,0,Zero Balance
,AGWS0245,0.00,0,0.00,Fetch,1-Sep-26,0,0,0,0,0,Zero Balance
,AGRCS0091,0.00,0,0.00,Fetch,1-Sep-26,0,0,0,0,0,Zero Balance
,SPA0034,0.00,0,0.00,Fetch,1-Sep-26,0,0,0,0,0,Zero Balance
,MPOT001639,0.00,0,0.00,Fetch,1-Sep-26,0,0,0,0,0,Zero Balance
,MPOT001640,0.00,0,0.00,Fetch,1-Sep-26,0,0,0,0,0,Zero Balance
,MPOT001107,0.00,0,0.00,Fetch,1-Sep-26,0,0,0,0,0,Zero Balance
,MPOT001663,0.00,0,0.00,Fetch,1-Sep-26,0,0,0,0,0,Zero Balance
,MPOT001664,0.00,0,0.00,Fetch,1-Sep-26,0,0,0,0,0,Zero Balance
,MPOT001665,0.00,0,0.00,Fetch,1-Sep-26,0,0,0,0,0,Zero Balance
,MPOT000585,0.00,0,0.00,Fetch,1-Sep-26,0,0,0,0,0,Zero Balance
,MPOT000712,0.00,0,0.00,Fetch,1-Sep-26,0,0,0,0,0,Zero Balance
,MPOT000714,0.00,0,0.00,Fetch,1-Sep-26,0,0,0,0,0,Zero Balance
,MPOT000715,0.00,0,0.00,Fetch,1-Sep-26,0,0,0,0,0,Zero Balance
,MPOT000716,0.00,0,0.00,Fetch,1-Sep-26,0,0,0,0,0,Zero Balance
,MPOT000786,0.00,0,0.00,Fetch,1-Sep-26,0,0,0,0,0,Zero Balance
,MPOT000818,0.00,0,0.00,Fetch,1-Sep-26,0,0,0,0,0,Zero Balance
,MPOT000865,0.00,0,0.00,Fetch,1-Sep-26,0,0,0,0,0,Zero Balance
,MPOT000184,0.00,0,0.00,Fetch,1-Sep-26,0,0,0,0,0,Zero Balance
,MPOT001217,100000.00,0,100000.00,Fetch,1-Sep-26,0,0,0,0,0,Credit Balance
,MPOT001233,0.00,0,0.00,Fetch,1-Sep-26,0,0,0,0,0,Zero Balance
,MPOT001236,0.00,0,0.00,Fetch,1-Sep-26,0,0,0,0,0,Zero Balance
,MPOT001291,0.00,0,0.00,Fetch,1-Sep-26,0,0,0,0,0,Zero Balance
,MPOT001292,0.00,0,0.00,Fetch,1-Sep-26,0,0,0,0,0,Zero Balance
,MPOT001293,0.00,0,0.00,Fetch,1-Sep-26,0,0,0,0,0,Zero Balance
,MPOT001675,0.00,0,0.00,Fetch,1-Sep-26,0,0,0,0,0,Zero Balance
,AGSJA7448,0.00,0,0.00,Fetch,1-Sep-26,0,0,0,0,0,Zero Balance
,AGTNE0120,1723632.83,0,1723632.83,Fetch,1-Sep-26,0,0,0,0,0,Credit Balance
,MPOT000554,0.00,0,0.00,Fetch,1-Sep-26,0,0,0,0,0,Zero Balance
,MPOT000098,0.00,0,0.00,Fetch,1-Sep-26,0,0,0,0,0,Zero Balance
,AGCTS0222,0.00,0,0.00,Fetch,1-Sep-26,0,0,0,0,0,Zero Balance
,AGSBA0320,0.00,0,0.00,Fetch,1-Sep-26,0,0,0,0,0,Zero Balance
,MPOT000229,0.00,0,0.00,Fetch,1-Sep-26,0,0,0,0,0,Zero Balance
,MPOT000556,413950.00,0,413950.00,Fetch,1-Sep-26,0,0,0,0,0,Debit Balance
,MPOT000558,0.00,0,0.00,Fetch,1-Sep-26,0,0,0,0,0,Zero Balance
,MPOT000565,0.00,0,0.00,Fetch,1-Sep-26,0,0,0,0,0,Zero Balance
,MPOT000002,0.00,0,0.00,Fetch,1-Sep-26,0,0,0,0,0,Zero Balance
,MPOT000335,0.00,0,0.00,Fetch,1-Sep-26,0,0,0,0,0,Zero Balance
,AGPHP0247,0.00,0,0.00,Fetch,1-Sep-26,0,0,0,0,0,Zero Balance
,AGSKCS0152,0.00,0,0.00,Fetch,1-Sep-26,0,0,0,0,0,Zero Balance
,MPOT000779,0.00,0,0.00,Fetch,1-Sep-26,0,0,0,0,0,Zero Balance
,MPOT003466,1000000.00,0,1000000.00,Fetch,1-Sep-26,0,0,0,0,0,Credit Balance
,MPOT003467,0.00,0,0.00,Fetch,1-Sep-26,0,0,0,0,0,Zero Balance
,MPOT003485,0.00,0,0.00,Fetch,1-Sep-26,0,0,0,0,0,Zero Balance
,MPOT000333,0.00,0,0.00,Fetch,1-Sep-26,0,0,0,0,0,Zero Balance
,MPOT003494,420394.00,0,420394.00,Fetch,1-Sep-26,0,0,0,0,0,Credit Balance
,AGMLMC0067,0.00,0,0.00,Fetch,1-Sep-26,0,0,0,0,0,Zero Balance
,AGCSNR0019,0.00,0,0.00,Fetch,1-Sep-26,0,0,0,0,0,Zero Balance
,AGSCS0318,0.00,0,0.00,Fetch,1-Sep-26,0,0,0,0,0,Zero Balance
,AGWS0214,0.00,0,0.00,Fetch,1-Sep-26,0,0,0,0,0,Zero Balance
,AGTNBA0122,0.00,0,0.00,Fetch,1-Sep-26,0,0,0,0,0,Zero Balance
,AGISBF0044,5073180.17,0,5073180.17,Fetch,1-Sep-26,0,0,0,0,0,Credit Balance
,AGSTI0106,0.00,0,0.00,Fetch,1-Sep-26,0,0,0,0,0,Zero Balance
,AGRN0171,0.00,0,0.00,Fetch,1-Sep-26,0,0,0,0,0,Zero Balance
,AGKT0145,0.00,0,0.00,Fetch,1-Sep-26,0,0,0,0,0,Zero Balance
,AGAVC5487,0.00,0,0.00,Fetch,1-Sep-26,0,0,0,0,0,Zero Balance
,AGMAIA0062,0.00,0,0.00,Fetch,1-Sep-26,0,0,0,0,0,Zero Balance
,AMHZPC1075,0.00,0,0.00,Fetch,1-Sep-26,0,0,0,0,0,Zero Balance
,AGBCS0163,0.00,0,0.00,Fetch,1-Sep-26,0,0,0,0,0,Zero Balance
,AGSDC0025,2000000.00,0,2000000.00,Fetch,1-Sep-26,0,0,0,0,0,Credit Balance
,AGBT0160,0.00,0,0.00,Fetch,1-Sep-26,0,0,0,0,0,Zero Balance
,AGRNB0082,0.00,0,0.00,Fetch,1-Sep-26,0,0,0,0,0,Zero Balance
,AGQPC3123,0.00,0,0.00,Fetch,1-Sep-26,0,0,0,0,0,Zero Balance
,AGBRPI0012,0.00,0,0.00,Fetch,1-Sep-26,0,0,0,0,0,Zero Balance
,AGLC0056,0.00,0,0.00,Fetch,1-Sep-26,0,0,0,0,0,Zero Balance
,AGVCS0284,0.00,0,0.00,Fetch,1-Sep-26,0,0,0,0,0,Zero Balance
,MPOT002181,0.00,0,0.00,Fetch,1-Sep-26,0,0,0,0,0,Zero Balance
,MPOT002338,0.00,0,0.00,Fetch,1-Sep-26,0,0,0,0,0,Zero Balance
,MPOT002339,6522.93,0,6522.93,Fetch,1-Sep-26,0,0,0,0,0,Credit Balance
,MPOT002340,0.00,0,0.00,Fetch,1-Sep-26,0,0,0,0,0,Zero Balance
,MPOT002341,0.00,0,0.00,Fetch,1-Sep-26,0,0,0,0,0,Zero Balance
,MPOT002342,25698.50,0,25698.50,Fetch,1-Sep-26,0,0,0,0,0,Credit Balance
,MPOT002343,0.00,0,0.00,Fetch,1-Sep-26,0,0,0,0,0,Zero Balance
,MPOT002344,0.00,0,0.00,Fetch,1-Sep-26,0,0,0,0,0,Zero Balance
,MPOT002506,0.00,0,0.00,Fetch,1-Sep-26,0,0,0,0,0,Zero Balance
,MPOT002505,144066.40,0,144066.40,Fetch,1-Sep-26,0,0,0,0,0,Credit Balance
,MPOT002501,0.00,0,0.00,Fetch,1-Sep-26,0,0,0,0,0,Zero Balance
,MPOT002500,0.00,0,0.00,Fetch,1-Sep-26,0,0,0,0,0,Zero Balance
,MPOT002499,0.00,0,0.00,Fetch,1-Sep-26,0,0,0,0,0,Zero Balance
,MPOT002396,0.00,0,0.00,Fetch,1-Sep-26,0,0,0,0,0,Zero Balance
,MPOT002397,192.40,0,192.40,Fetch,1-Sep-26,0,0,0,0,0,Credit Balance
,MPOT002061,0.00,0,0.00,Fetch,1-Sep-26,0,0,0,0,0,Zero Balance
,MPOT002529,0.00,0,0.00,Fetch,1-Sep-26,0,0,0,0,0,Zero Balance
,MPOT002530,0.00,0,0.00,Fetch,1-Sep-26,0,0,0,0,0,Zero Balance
,MPOT001743,0.00,0,0.00,Fetch,1-Sep-26,0,0,0,0,0,Zero Balance
,MPOT001813,1032612.11,0,1032612.11,Fetch,1-Sep-26,0,0,0,0,0,Credit Balance
,MPOT001856,3000000.00,0,3000000.00,Fetch,1-Sep-26,0,0,0,0,0,Credit Balance
,MPOT001940,0.00,0,0.00,Fetch,1-Sep-26,0,0,0,0,0,Zero Balance
,MPOT002016,0.00,0,0.00,Fetch,1-Sep-26,0,0,0,0,0,Zero Balance
,MPOT002235,0.00,0,0.00,Fetch,1-Sep-26,0,0,0,0,0,Zero Balance
,MPOT002236,0.00,0,0.00,Fetch,1-Sep-26,0,0,0,0,0,Zero Balance
,MPOT002237,16.67,0,16.67,Fetch,1-Sep-26,0,0,0,0,0,Credit Balance
,MPOT002261,0.00,0,0.00,Fetch,1-Sep-26,0,0,0,0,0,Zero Balance
,MPOT002262,0.00,0,0.00,Fetch,1-Sep-26,0,0,0,0,0,Zero Balance
,MPOT002234,133799.00,0,133799.00,Fetch,1-Sep-26,0,0,0,0,0,Credit Balance
,MPOT002348,0.00,0,0.00,Fetch,1-Sep-26,0,0,0,0,0,Zero Balance
,MPOT002349,10450.00,0,10450.00,Fetch,1-Sep-26,0,0,0,0,0,Credit Balance
,MPOT002350,0.00,0,0.00,Fetch,1-Sep-26,0,0,0,0,0,Zero Balance
,MPOT002876,0.00,0,0.00,Fetch,1-Sep-26,0,0,0,0,0,Zero Balance
,MPOT002877,0.00,0,0.00,Fetch,1-Sep-26,0,0,0,0,0,Zero Balance
,MPOT003309,75033.33,0,75033.33,Fetch,1-Sep-26,0,0,0,0,0,Credit Balance
,MPOT001824,0.00,0,0.00,Fetch,1-Sep-26,0,0,0,0,0,Zero Balance
,MPOT001827,0.00,0,0.00,Fetch,1-Sep-26,0,0,0,0,0,Zero Balance
,MPOT001751,0.00,0,0.00,Fetch,1-Sep-26,0,0,0,0,0,Zero Balance
,MPOT001771,0.00,0,0.00,Fetch,1-Sep-26,0,0,0,0,0,Zero Balance
,MPOT001772,0.00,0,0.00,Fetch,1-Sep-26,0,0,0,0,0,Zero Balance
,MPOT001811,29062.00,0,29062.00,Fetch,1-Sep-26,0,0,0,0,0,Credit Balance
,MPOT002316,0.00,0,0.00,Fetch,1-Sep-26,0,0,0,0,0,Zero Balance
,MPOT001762,0.00,0,0.00,Fetch,1-Sep-26,0,0,0,0,0,Zero Balance
,MPOT002310,0.00,0,0.00,Fetch,1-Sep-26,0,0,0,0,0,Zero Balance
,MPOT002309,0.00,0,0.00,Fetch,1-Sep-26,0,0,0,0,0,Zero Balance
,MPOT002311,0.00,0,0.00,Fetch,1-Sep-26,0,0,0,0,0,Zero Balance
,MPOT002312,0.00,0,0.00,Fetch,1-Sep-26,0,0,0,0,0,Zero Balance
,MPOT002313,0.00,0,0.00,Fetch,1-Sep-26,0,0,0,0,0,Zero Balance
,MPOT002545,0.00,0,0.00,Fetch,1-Sep-26,0,0,0,0,0,Zero Balance
,MPOT002544,0.00,0,0.00,Fetch,1-Sep-26,0,0,0,0,0,Zero Balance
,MPOT002543,0.00,0,0.00,Fetch,1-Sep-26,0,0,0,0,0,Zero Balance
,MPOT002532,2020514.00,0,2020514.00,Fetch,1-Sep-26,0,0,0,0,0,Credit Balance
,MPOT002531,0.00,0,0.00,Fetch,1-Sep-26,0,0,0,0,0,Zero Balance
,MPOT001793,0.00,0,0.00,Fetch,1-Sep-26,0,0,0,0,0,Zero Balance
,MPOT002315,0.00,0,0.00,Fetch,1-Sep-26,0,0,0,0,0,Zero Balance
,MPOT001728,0.00,0,0.00,Fetch,1-Sep-26,0,0,0,0,0,Zero Balance
,MPOT001729,0.00,0,0.00,Fetch,1-Sep-26,0,0,0,0,0,Zero Balance
,MPOT002324,514200.00,0,514200.00,Fetch,1-Sep-26,0,0,0,0,0,Credit Balance
,MPOT002329,0.00,0,0.00,Fetch,1-Sep-26,0,0,0,0,0,Zero Balance
,MPOT002330,0.00,0,0.00,Fetch,1-Sep-26,0,0,0,0,0,Zero Balance
,MPOT002127,412507.33,0,412507.33,Fetch,1-Sep-26,0,0,0,0,0,Credit Balance
,Customer002,0.00,0,0.00,Fetch,1-Sep-26,0,0,0,0,0,Zero Balance
,MPOT003525,274995.28,0,274995.28,Fetch,1-Sep-26,0,0,0,0,0,Credit Balance
,MPOT003526,0.00,0,0.00,Fetch,1-Sep-26,0,0,0,0,0,Zero Balance
,MPOT003527,0.00,0,0.00,Fetch,1-Sep-26,0,0,0,0,0,Zero Balance
,MPOT003528,0.00,0,0.00,Fetch,1-Sep-26,0,0,0,0,0,Zero Balance
,MPOT003529,137500.00,0,137500.00,Fetch,1-Sep-26,0,0,0,0,0,Credit Balance
,MPOT003530,35000.00,0,35000.00,Fetch,1-Sep-26,0,0,0,0,0,Credit Balance
,MPOT003785,1000016.67,0,1000016.67,Fetch,1-Sep-26,0,0,0,0,0,Credit Balance
,MPOT003786,50.00,0,50.00,Fetch,1-Sep-26,0,0,0,0,0,Credit Balance
,AGMHZPC177,18308.70,0,18308.70,Fetch,1-Sep-26,0,0,0,0,0,Debit Balance
,MPOT003579,0.00,0,0.00,Fetch,1-Sep-26,0,0,0,0,0,Zero Balance
,MPOT003532,0.00,0,0.00,Fetch,1-Sep-26,0,0,0,0,0,Zero Balance
,MPOT003577,0.00,0,0.00,Fetch,1-Sep-26,0,0,0,0,0,Zero Balance
,MPOT003578,0.00,0,0.00,Fetch,1-Sep-26,0,0,0,0,0,Zero Balance
,MPOT003522,1000.00,0,1000.00,Fetch,1-Sep-26,0,0,0,0,0,Credit Balance
,MPOT003523,0.00,0,0.00,Fetch,1-Sep-26,0,0,0,0,0,Zero Balance
,MPOT003524,1500000.00,0,1500000.00,Fetch,1-Sep-26,0,0,0,0,0,Credit Balance
,MPOT003519,0.00,0,0.00,Fetch,1-Sep-26,0,0,0,0,0,Zero Balance
,MPOT003936,0.00,0,0.00,Fetch,1-Sep-26,0,0,0,0,0,Zero Balance
,MPOT003937,9100.00,0,9100.00,Fetch,1-Sep-26,0,0,0,0,0,Credit Balance
,MPOT003999,83229.00,0,83229.00,Fetch,1-Sep-26,0,0,0,0,0,Debit Balance
,25007100,0.00,0,0.00,Fetch,1-Sep-26,0,0,0,0,0,Zero Balance
,MPOT004099,0.00,0,0.00,Fetch,1-Sep-26,0,0,0,0,0,Zero Balance
