CompanyCode,CustomerCode,Document_Type,Document_Number,Credit_Control_Area,Document_Date,Net_Due_Date,Posting_Date,Credit_Control_Area_Currency,Baseline_Payment_Date,Amount_in_Local_Currency,Clearing_Date,Clearing_Document,Assignment,Reference,Text,Account,Document_Header_Text,UserCode,Arrears_by_Net_Due_Date,GLAccount,UpdateBy,DC
1054,MPOT001655,AB,0000000000,AGMH,1-Sep-26,1-Sep-26,1-Sep-26,,1-Sep-26,0.00,,,,,Opening Balance,23580001,Opening Balance,,0,23580001,11-Sep-26,H
1054,MPOT003057,AB,0000000000,AGMH,1-Sep-26,1-Sep-26,1-Sep-26,,1-Sep-26,0.00,,,,,Opening Balance,23580001,Opening Balance,,0,23580001,11-Sep-26,H
1054,MPOT003003,AB,0000000000,AGMH,1-Sep-26,1-Sep-26,1-Sep-26,,1-Sep-26,14145187.00,,,,,Opening Balance,23580001,Opening Balance,,0,23580001,11-Sep-26,H
1054,MPOT003346,AB,0000000000,AGMH,1-Sep-26,1-Sep-26,1-Sep-26,,1-Sep-26,0.00,,,,,Opening Balance,23580001,Opening Balance,,0,23580001,11-Sep-26,H
1054,MPOT000189,AB,0000000000,AGMH,1-Sep-26,1-Sep-26,1-Sep-26,,1-Sep-26,0.00,,,,,Opening Balance,23580001,Opening Balance,,0,23580001,11-Sep-26,H
1054,MPOT003039,AB,0000000000,AGMH,1-Sep-26,1-Sep-26,1-Sep-26,,1-Sep-26,0.00,,,,,Opening Balance,23580001,Opening Balance,,0,23580001,11-Sep-26,H
1054,MPOT003052,AB,0000000000,AGMH,1-Sep-26,1-Sep-26,1-Sep-26,,1-Sep-26,0.00,,,,,Opening Balance,23580001,Opening Balance,,0,23580001,11-Sep-26,H
1054,MPOT002940,AB,0000000000,AGMH,1-Sep-26,1-Sep-26,1-Sep-26,,1-Sep-26,6084365.00,,,,,Opening Balance,23580001,Opening Balance,,0,23580001,11-Sep-26,H
1054,MPOT002948,AB,0000000000,AGMH,1-Sep-26,1-Sep-26,1-Sep-26,,1-Sep-26,0.00,,,,,Opening Balance,23580001,Opening Balance,,0,23580001,11-Sep-26,H
1054,MPOT002949,AB,0000000000,AGMH,1-Sep-26,1-Sep-26,1-Sep-26,,1-Sep-26,0.00,,,,,Opening Balance,23580001,Opening Balance,,0,23580001,11-Sep-26,H
1054,MPOT002950,AB,0000000000,AGMH,1-Sep-26,1-Sep-26,1-Sep-26,,1-Sep-26,0.00,,,,,Opening Balance,23580001,Opening Balance,,0,23580001,11-Sep-26,H
1054,MPOT002662,AB,0000000000,AGMH,1-Sep-26,1-Sep-26,1-Sep-26,,1-Sep-26,1331528.50,,,,,Opening Balance,23580001,Opening Balance,,0,23580001,11-Sep-26,H
1054,MPOT002661,AB,0000000000,AGMH,1-Sep-26,1-Sep-26,1-Sep-26,,1-Sep-26,2003263.43,,,,,Opening Balance,23580001,Opening Balance,,0,23580001,11-Sep-26,H
1054,MPOT002966,AB,0000000000,AGMH,1-Sep-26,1-Sep-26,1-Sep-26,,1-Sep-26,2000125.00,,,,,Opening Balance,23580001,Opening Balance,,0,23580001,11-Sep-26,H
1054,MPOT002968,AB,0000000000,AGMH,1-Sep-26,1-Sep-26,1-Sep-26,,1-Sep-26,,,,,,Opening Balance,23580001,Opening Balance,,0,23580001,11-Sep-26,S
1054,MPOT001754,AB,0000000000,AGMH,1-Sep-26,1-Sep-26,1-Sep-26,,1-Sep-26,0.00,,,,,Opening Balance,23580001,Opening Balance,,0,23580001,11-Sep-26,H
1054,MPOT002804,AB,0000000000,AGMH,1-Sep-26,1-Sep-26,1-Sep-26,,1-Sep-26,0.00,,,,,Opening Balance,23580001,Opening Balance,,0,23580001,11-Sep-26,H
1054,MPOT002880,AB,0000000000,AGMH,1-Sep-26,1-Sep-26,1-Sep-26,,1-Sep-26,0.00,,,,,Opening Balance,23580001,Opening Balance,,0,23580001,11-Sep-26,H
1054,AGRF0083,AB,0000000000,AGMH,1-Sep-26,1-Sep-26,1-Sep-26,,1-Sep-26,0.00,,,,,Opening Balance,23580001,Opening Balance,,0,23580001,11-Sep-26,H
1054,MPOT003038,AB,0000000000,AGMH,1-Sep-26,1-Sep-26,1-Sep-26,,1-Sep-26,55.00,,,,,Opening Balance,23580001,Opening Balance,,0,23580001,11-Sep-26,H
1054,MPOT002734,AB,0000000000,AGMH,1-Sep-26,1-Sep-26,1-Sep-26,,1-Sep-26,,,,,,Opening Balance,23580001,Opening Balance,,0,23580001,11-Sep-26,S
1054,MPOT002735,AB,0000000000,AGMH,1-Sep-26,1-Sep-26,1-Sep-26,,1-Sep-26,,,,,,Opening Balance,23580001,Opening Balance,,0,23580001,11-Sep-26,S
1054,MPOT002736,AB,0000000000,AGMH,1-Sep-26,1-Sep-26,1-Sep-26,,1-Sep-26,21895.00,,,,,Opening Balance,23580001,Opening Balance,,0,23580001,11-Sep-26,H
1054,MPOT002737,AB,0000000000,AGMH,1-Sep-26,1-Sep-26,1-Sep-26,,1-Sep-26,,,,,,Opening Balance,23580001,Opening Balance,,0,23580001,11-Sep-26,S
1054,MPOT000336,AB,0000000000,AGMH,1-Sep-26,1-Sep-26,1-Sep-26,,1-Sep-26,,,,,,Opening Balance,23580001,Opening Balance,,0,23580001,11-Sep-26,S
1054,MPOT002932,AB,0000000000,AGMH,1-Sep-26,1-Sep-26,1-Sep-26,,1-Sep-26,0.00,,,,,Opening Balance,23580001,Opening Balance,,0,23580001,11-Sep-26,H
1054,MPOT002947,AB,0000000000,AGMH,1-Sep-26,1-Sep-26,1-Sep-26,,1-Sep-26,0.00,,,,,Opening Balance,23580001,Opening Balance,,0,23580001,11-Sep-26,H
1054,MPOT002956,AB,0000000000,AGMH,1-Sep-26,1-Sep-26,1-Sep-26,,1-Sep-26,0.00,,,,,Opening Balance,23580001,Opening Balance,,0,23580001,11-Sep-26,H
1054,MPOT002959,AB,0000000000,AGMH,1-Sep-26,1-Sep-26,1-Sep-26,,1-Sep-26,0.00,,,,,Opening Balance,23580001,Opening Balance,,0,23580001,11-Sep-26,H
1054,MPOT002962,AB,0000000000,AGMH,1-Sep-26,1-Sep-26,1-Sep-26,,1-Sep-26,0.00,,,,,Opening Balance,23580001,Opening Balance,,0,23580001,11-Sep-26,H
1054,MPOT002955,AB,0000000000,AGMH,1-Sep-26,1-Sep-26,1-Sep-26,,1-Sep-26,0.00,,,,,Opening Balance,23580001,Opening Balance,,0,23580001,11-Sep-26,H
1054,MPOT002758,AB,0000000000,AGMH,1-Sep-26,1-Sep-26,1-Sep-26,,1-Sep-26,0.00,,,,,Opening Balance,23580001,Opening Balance,,0,23580001,11-Sep-26,H
1054,MPOT002963,AB,0000000000,AGMH,1-Sep-26,1-Sep-26,1-Sep-26,,1-Sep-26,1500000.00,,,,,Opening Balance,23580001,Opening Balance,,0,23580001,11-Sep-26,H
1054,MPOT002964,AB,0000000000,AGMH,1-Sep-26,1-Sep-26,1-Sep-26,,1-Sep-26,0.00,,,,,Opening Balance,23580001,Opening Balance,,0,23580001,11-Sep-26,H
1054,MPOT002933,AB,0000000000,AGMH,1-Sep-26,1-Sep-26,1-Sep-26,,1-Sep-26,1560.00,,,,,Opening Balance,23580001,Opening Balance,,0,23580001,11-Sep-26,H
1054,MPOT000345,AB,0000000000,AGMH,1-Sep-26,1-Sep-26,1-Sep-26,,1-Sep-26,550000.00,,,,,Opening Balance,23580001,Opening Balance,,0,23580001,11-Sep-26,H
1054,AGGJ181,AB,0000000000,AGMH,1-Sep-26,1-Sep-26,1-Sep-26,,1-Sep-26,161620.31,,,,,Opening Balance,23580001,Opening Balance,,0,23580001,11-Sep-26,S
1054,MPOT000957,AB,0000000000,AGMH,1-Sep-26,1-Sep-26,1-Sep-26,,1-Sep-26,,,,,,Opening Balance,23580001,Opening Balance,,0,23580001,11-Sep-26,S
1054,MPOT003294,AB,0000000000,AGMH,1-Sep-26,1-Sep-26,1-Sep-26,,1-Sep-26,,,,,,Opening Balance,23580001,Opening Balance,,0,23580001,11-Sep-26,S
1054,MPOT003295,AB,0000000000,AGMH,1-Sep-26,1-Sep-26,1-Sep-26,,1-Sep-26,350.00,,,,,Opening Balance,23580001,Opening Balance,,0,23580001,11-Sep-26,H
1054,MPOT003342,AB,0000000000,AGMH,1-Sep-26,1-Sep-26,1-Sep-26,,1-Sep-26,281235.00,,,,,Opening Balance,23580001,Opening Balance,,0,23580001,11-Sep-26,S
1054,MPOT003343,AB,0000000000,AGMH,1-Sep-26,1-Sep-26,1-Sep-26,,1-Sep-26,,,,,,Opening Balance,23580001,Opening Balance,,0,23580001,11-Sep-26,S
1054,MPOT003344,AB,0000000000,AGMH,1-Sep-26,1-Sep-26,1-Sep-26,,1-Sep-26,,,,,,Opening Balance,23580001,Opening Balance,,0,23580001,11-Sep-26,S
1054,MPOT003345,AB,0000000000,AGMH,1-Sep-26,1-Sep-26,1-Sep-26,,1-Sep-26,,,,,,Opening Balance,23580001,Opening Balance,,0,23580001,11-Sep-26,S
1054,MPOT003347,AB,0000000000,AGMH,1-Sep-26,1-Sep-26,1-Sep-26,,1-Sep-26,,,,,,Opening Balance,23580001,Opening Balance,,0,23580001,11-Sep-26,S
1054,MPOT002818,AB,0000000000,AGMH,1-Sep-26,1-Sep-26,1-Sep-26,,1-Sep-26,,,,,,Opening Balance,23580001,Opening Balance,,0,23580001,11-Sep-26,S
1054,MPOT002819,AB,0000000000,AGMH,1-Sep-26,1-Sep-26,1-Sep-26,,1-Sep-26,1009.00,,,,,Opening Balance,23580001,Opening Balance,,0,23580001,11-Sep-26,H
1054,MPOT002820,AB,0000000000,AGMH,1-Sep-26,1-Sep-26,1-Sep-26,,1-Sep-26,,,,,,Opening Balance,23580001,Opening Balance,,0,23580001,11-Sep-26,S
1054,MPOT002821,AB,0000000000,AGMH,1-Sep-26,1-Sep-26,1-Sep-26,,1-Sep-26,,,,,,Opening Balance,23580001,Opening Balance,,0,23580001,11-Sep-26,S
1054,MPOT002822,AB,0000000000,AGMH,1-Sep-26,1-Sep-26,1-Sep-26,,1-Sep-26,,,,,,Opening Balance,23580001,Opening Balance,,0,23580001,11-Sep-26,S
1054,MPOT002934,AB,0000000000,AGMH,1-Sep-26,1-Sep-26,1-Sep-26,,1-Sep-26,0.00,,,,,Opening Balance,23580001,Opening Balance,,0,23580001,11-Sep-26,H
1054,MPOT002828,AB,0000000000,AGMH,1-Sep-26,1-Sep-26,1-Sep-26,,1-Sep-26,,,,,,Opening Balance,23580001,Opening Balance,,0,23580001,11-Sep-26,S
1054,MPOT002829,AB,0000000000,AGMH,1-Sep-26,1-Sep-26,1-Sep-26,,1-Sep-26,,,,,,Opening Balance,23580001,Opening Balance,,0,23580001,11-Sep-26,S
1054,MPOT002853,AB,0000000000,AGMH,1-Sep-26,1-Sep-26,1-Sep-26,,1-Sep-26,,,,,,Opening Balance,23580001,Opening Balance,,0,23580001,11-Sep-26,S
1054,MPOT002852,AB,0000000000,AGMH,1-Sep-26,1-Sep-26,1-Sep-26,,1-Sep-26,0.00,,,,,Opening Balance,23580001,Opening Balance,,0,23580001,11-Sep-26,H
1054,MPOT002842,AB,0000000000,AGMH,1-Sep-26,1-Sep-26,1-Sep-26,,1-Sep-26,,,,,,Opening Balance,23580001,Opening Balance,,0,23580001,11-Sep-26,S
1054,MPOT002841,AB,0000000000,AGMH,1-Sep-26,1-Sep-26,1-Sep-26,,1-Sep-26,,,,,,Opening Balance,23580001,Opening Balance,,0,23580001,11-Sep-26,S
1054,MPOT002931,AB,0000000000,AGMH,1-Sep-26,1-Sep-26,1-Sep-26,,1-Sep-26,0.00,,,,,Opening Balance,23580001,Opening Balance,,0,23580001,11-Sep-26,H
1054,MPOT001747,AB,0000000000,AGMH,1-Sep-26,1-Sep-26,1-Sep-26,,1-Sep-26,0.00,,,,,Opening Balance,23580001,Opening Balance,,0,23580001,11-Sep-26,H
1054,MPOT002960,AB,0000000000,AGMH,1-Sep-26,1-Sep-26,1-Sep-26,,1-Sep-26,0.00,,,,,Opening Balance,23580001,Opening Balance,,0,23580001,11-Sep-26,H
1054,MPOT002961,AB,0000000000,AGMH,1-Sep-26,1-Sep-26,1-Sep-26,,1-Sep-26,0.00,,,,,Opening Balance,23580001,Opening Balance,,0,23580001,11-Sep-26,H
1054,MPOT002855,AB,0000000000,AGMH,1-Sep-26,1-Sep-26,1-Sep-26,,1-Sep-26,0.00,,,,,Opening Balance,23580001,Opening Balance,,0,23580001,11-Sep-26,H
1054,MPOT002910,AB,0000000000,AGMH,1-Sep-26,1-Sep-26,1-Sep-26,,1-Sep-26,0.00,,,,,Opening Balance,23580001,Opening Balance,,0,23580001,11-Sep-26,H
1054,MPOT002916,AB,0000000000,AGMH,1-Sep-26,1-Sep-26,1-Sep-26,,1-Sep-26,0.00,,,,,Opening Balance,23580001,Opening Balance,,0,23580001,11-Sep-26,H
1054,MPOT000362,AB,0000000000,AGMH,1-Sep-26,1-Sep-26,1-Sep-26,,1-Sep-26,8795.00,,,,,Opening Balance,23580001,Opening Balance,,0,23580001,11-Sep-26,H
1054,MPOT002915,AB,0000000000,AGMH,1-Sep-26,1-Sep-26,1-Sep-26,,1-Sep-26,219995.00,,,,,Opening Balance,23580001,Opening Balance,,0,23580001,11-Sep-26,H
1054,MPOT002926,AB,0000000000,AGMH,1-Sep-26,1-Sep-26,1-Sep-26,,1-Sep-26,0.00,,,,,Opening Balance,23580001,Opening Balance,,0,23580001,11-Sep-26,H
1054,MPOT002928,AB,0000000000,AGMH,1-Sep-26,1-Sep-26,1-Sep-26,,1-Sep-26,0.00,,,,,Opening Balance,23580001,Opening Balance,,0,23580001,11-Sep-26,H
1054,MPOT001763,AB,0000000000,AGMH,1-Sep-26,1-Sep-26,1-Sep-26,,1-Sep-26,0.00,,,,,Opening Balance,23580001,Opening Balance,,0,23580001,11-Sep-26,H
1054,MPOT002927,AB,0000000000,AGMH,1-Sep-26,1-Sep-26,1-Sep-26,,1-Sep-26,0.00,,,,,Opening Balance,23580001,Opening Balance,,0,23580001,11-Sep-26,H
1054,MPOT001182,AB,0000000000,AGMH,1-Sep-26,1-Sep-26,1-Sep-26,,1-Sep-26,0.00,,,,,Opening Balance,23580001,Opening Balance,,0,23580001,11-Sep-26,H
1054,MPOT002918,AB,0000000000,AGMH,1-Sep-26,1-Sep-26,1-Sep-26,,1-Sep-26,0.00,,,,,Opening Balance,23580001,Opening Balance,,0,23580001,11-Sep-26,H
1054,MPOT002943,AB,0000000000,AGMH,1-Sep-26,1-Sep-26,1-Sep-26,,1-Sep-26,0.00,,,,,Opening Balance,23580001,Opening Balance,,0,23580001,11-Sep-26,H
1054,MPOT002946,AB,0000000000,AGMH,1-Sep-26,1-Sep-26,1-Sep-26,,1-Sep-26,0.00,,,,,Opening Balance,23580001,Opening Balance,,0,23580001,11-Sep-26,H
1054,MPOT000877,AB,0000000000,AGMH,1-Sep-26,1-Sep-26,1-Sep-26,,1-Sep-26,105000.00,,,,,Opening Balance,23580001,Opening Balance,,0,23580001,11-Sep-26,H
1054,MPOT002941,AB,0000000000,AGMH,1-Sep-26,1-Sep-26,1-Sep-26,,1-Sep-26,0.00,,,,,Opening Balance,23580001,Opening Balance,,0,23580001,11-Sep-26,H
1054,MPOT002862,AB,0000000000,AGMH,1-Sep-26,1-Sep-26,1-Sep-26,,1-Sep-26,0.00,,,,,Opening Balance,23580001,Opening Balance,,0,23580001,11-Sep-26,H
1054,MPOT002954,AB,0000000000,AGMH,1-Sep-26,1-Sep-26,1-Sep-26,,1-Sep-26,2000000.00,,,,,Opening Balance,23580001,Opening Balance,,0,23580001,11-Sep-26,H
1054,MPOT002854,AB,0000000000,AGMH,1-Sep-26,1-Sep-26,1-Sep-26,,1-Sep-26,0.00,,,,,Opening Balance,23580001,Opening Balance,,0,23580001,11-Sep-26,H
1054,MPOT001131,AB,0000000000,AGMH,1-Sep-26,1-Sep-26,1-Sep-26,,1-Sep-26,24765.00,,,,,Opening Balance,23580001,Opening Balance,,0,23580001,11-Sep-26,H
1054,MPOT003010,AB,0000000000,AGMH,1-Sep-26,1-Sep-26,1-Sep-26,,1-Sep-26,0.00,,,,,Opening Balance,23580001,Opening Balance,,0,23580001,11-Sep-26,H
1054,MPOT002973,AB,0000000000,AGMH,1-Sep-26,1-Sep-26,1-Sep-26,,1-Sep-26,,,,,,Opening Balance,23580001,Opening Balance,,0,23580001,11-Sep-26,S
1054,MPOT002878,AB,0000000000,AGMH,1-Sep-26,1-Sep-26,1-Sep-26,,1-Sep-26,0.00,,,,,Opening Balance,23580001,Opening Balance,,0,23580001,11-Sep-26,H
1054,MPOT003016,AB,0000000000,AGMH,1-Sep-26,1-Sep-26,1-Sep-26,,1-Sep-26,0.00,,,,,Opening Balance,23580001,Opening Balance,,0,23580001,11-Sep-26,H
1054,MPOT003017,AB,0000000000,AGMH,1-Sep-26,1-Sep-26,1-Sep-26,,1-Sep-26,2000502.36,,,,,Opening Balance,23580001,Opening Balance,,0,23580001,11-Sep-26,H
1054,MPOT003018,AB,0000000000,AGMH,1-Sep-26,1-Sep-26,1-Sep-26,,1-Sep-26,,,,,,Opening Balance,23580001,Opening Balance,,0,23580001,11-Sep-26,S
1054,MPOT002865,AB,0000000000,AGMH,1-Sep-26,1-Sep-26,1-Sep-26,,1-Sep-26,0.00,,,,,Opening Balance,23580001,Opening Balance,,0,23580001,11-Sep-26,H
1054,MPOT002864,AB,0000000000,AGMH,1-Sep-26,1-Sep-26,1-Sep-26,,1-Sep-26,0.00,,,,,Opening Balance,23580001,Opening Balance,,0,23580001,11-Sep-26,H
1054,MPOT003022,AB,0000000000,AGMH,1-Sep-26,1-Sep-26,1-Sep-26,,1-Sep-26,1500101.00,,,,,Opening Balance,23580001,Opening Balance,,0,23580001,11-Sep-26,H
1054,MPOT003338,AB,0000000000,AGMH,1-Sep-26,1-Sep-26,1-Sep-26,,1-Sep-26,,,,,,Opening Balance,23580001,Opening Balance,,0,23580001,11-Sep-26,S
1054,MPOT003339,AB,0000000000,AGMH,1-Sep-26,1-Sep-26,1-Sep-26,,1-Sep-26,19296.00,,,,,Opening Balance,23580001,Opening Balance,,0,23580001,11-Sep-26,H
1054,MPOT003340,AB,0000000000,AGMH,1-Sep-26,1-Sep-26,1-Sep-26,,1-Sep-26,9001.00,,,,,Opening Balance,23580001,Opening Balance,,0,23580001,11-Sep-26,H
1054,MPOT003341,AB,0000000000,AGMH,1-Sep-26,1-Sep-26,1-Sep-26,,1-Sep-26,6400.00,,,,,Opening Balance,23580001,Opening Balance,,0,23580001,11-Sep-26,S
1054,MPOT000001,AB,0000000000,AGMH,1-Sep-26,1-Sep-26,1-Sep-26,,1-Sep-26,0.00,,,,,Opening Balance,23580001,Opening Balance,,0,23580001,11-Sep-26,H
1054,MPOT000122,AB,0000000000,AGMH,1-Sep-26,1-Sep-26,1-Sep-26,,1-Sep-26,,,,,,Opening Balance,23580001,Opening Balance,,0,23580001,11-Sep-26,S
1054,MPOT000494,AB,0000000000,AGMH,1-Sep-26,1-Sep-26,1-Sep-26,,1-Sep-26,,,,,,Opening Balance,23580001,Opening Balance,,0,23580001,11-Sep-26,S
1054,MPOT000495,AB,0000000000,AGMH,1-Sep-26,1-Sep-26,1-Sep-26,,1-Sep-26,0.00,,,,,Opening Balance,23580001,Opening Balance,,0,23580001,11-Sep-26,H
1054,MPOT000524,AB,0000000000,AGMH,1-Sep-26,1-Sep-26,1-Sep-26,,1-Sep-26,,,,,,Opening Balance,23580001,Opening Balance,,0,23580001,11-Sep-26,S
1054,AGWSP0302,AB,0000000000,AGMH,1-Sep-26,1-Sep-26,1-Sep-26,,1-Sep-26,,,,,,Opening Balance,23580001,Opening Balance,,0,23580001,11-Sep-26,S
1054,MPOT003046,AB,0000000000,AGMH,1-Sep-26,1-Sep-26,1-Sep-26,,1-Sep-26,0.00,,,,,Opening Balance,23580001,Opening Balance,,0,23580001,11-Sep-26,H
1054,MPOT002975,AB,0000000000,AGMH,1-Sep-26,1-Sep-26,1-Sep-26,,1-Sep-26,4002456.00,,,,,Opening Balance,23580001,Opening Balance,,0,23580001,11-Sep-26,H
1054,MPOT002977,AB,0000000000,AGMH,1-Sep-26,1-Sep-26,1-Sep-26,,1-Sep-26,14293288.00,,,,,Opening Balance,23580001,Opening Balance,,0,23580001,11-Sep-26,H
1054,MPOT003358,AB,0000000000,AGMH,1-Sep-26,1-Sep-26,1-Sep-26,,1-Sep-26,10883024.00,,,,,Opening Balance,23580001,Opening Balance,,0,23580001,11-Sep-26,H
1054,MPOT003041,AB,0000000000,AGMH,1-Sep-26,1-Sep-26,1-Sep-26,,1-Sep-26,20190.00,,,,,Opening Balance,23580001,Opening Balance,,0,23580001,11-Sep-26,H
1054,MPOT003042,AB,0000000000,AGMH,1-Sep-26,1-Sep-26,1-Sep-26,,1-Sep-26,0.00,,,,,Opening Balance,23580001,Opening Balance,,0,23580001,11-Sep-26,H
1054,MPOT000294,AB,0000000000,AGMH,1-Sep-26,1-Sep-26,1-Sep-26,,1-Sep-26,,,,,,Opening Balance,23580001,Opening Balance,,0,23580001,11-Sep-26,S
1054,MPOT002885,AB,0000000000,AGMH,1-Sep-26,1-Sep-26,1-Sep-26,,1-Sep-26,0.00,,,,,Opening Balance,23580001,Opening Balance,,0,23580001,11-Sep-26,H
1054,MPOT003043,AB,0000000000,AGMH,1-Sep-26,1-Sep-26,1-Sep-26,,1-Sep-26,0.00,,,,,Opening Balance,23580001,Opening Balance,,0,23580001,11-Sep-26,H
1054,MPOT003044,AB,0000000000,AGMH,1-Sep-26,1-Sep-26,1-Sep-26,,1-Sep-26,0.00,,,,,Opening Balance,23580001,Opening Balance,,0,23580001,11-Sep-26,H
1054,MPOT003045,AB,0000000000,AGMH,1-Sep-26,1-Sep-26,1-Sep-26,,1-Sep-26,0.00,,,,,Opening Balance,23580001,Opening Balance,,0,23580001,11-Sep-26,H
1054,MPOT002801,AB,0000000000,AGMH,1-Sep-26,1-Sep-26,1-Sep-26,,1-Sep-26,0.00,,,,,Opening Balance,23580001,Opening Balance,,0,23580001,11-Sep-26,H
1054,MPOT003054,AB,0000000000,AGMH,1-Sep-26,1-Sep-26,1-Sep-26,,1-Sep-26,0.00,,,,,Opening Balance,23580001,Opening Balance,,0,23580001,11-Sep-26,H
1054,MPOT003055,AB,0000000000,AGMH,1-Sep-26,1-Sep-26,1-Sep-26,,1-Sep-26,0.00,,,,,Opening Balance,23580001,Opening Balance,,0,23580001,11-Sep-26,H
1054,MPOT003056,AB,0000000000,AGMH,1-Sep-26,1-Sep-26,1-Sep-26,,1-Sep-26,0.00,,,,,Opening Balance,23580001,Opening Balance,,0,23580001,11-Sep-26,H
1054,MPOT003047,AB,0000000000,AGMH,1-Sep-26,1-Sep-26,1-Sep-26,,1-Sep-26,0.00,,,,,Opening Balance,23580001,Opening Balance,,0,23580001,11-Sep-26,H
1054,MPOT002448,AB,0000000000,AGMH,1-Sep-26,1-Sep-26,1-Sep-26,,1-Sep-26,0.00,,,,,Opening Balance,23580001,Opening Balance,,0,23580001,11-Sep-26,H
1054,AGWS0208,AB,0000000000,AGMH,1-Sep-26,1-Sep-26,1-Sep-26,,1-Sep-26,316643.00,,,,,Opening Balance,23580001,Opening Balance,,0,23580001,11-Sep-26,H
1054,AGWS0209,AB,0000000000,AGMH,1-Sep-26,1-Sep-26,1-Sep-26,,1-Sep-26,110000.00,,,,,Opening Balance,23580001,Opening Balance,,0,23580001,11-Sep-26,H
1054,AGWS0212,AB,0000000000,AGMH,1-Sep-26,1-Sep-26,1-Sep-26,,1-Sep-26,0.00,,,,,Opening Balance,23580001,Opening Balance,,0,23580001,11-Sep-26,H
1054,MPOT000522,AB,0000000000,AGMH,1-Sep-26,1-Sep-26,1-Sep-26,,1-Sep-26,412497.00,,,,,Opening Balance,23580001,Opening Balance,,0,23580001,11-Sep-26,H
1054,MPOT003332,AB,0000000000,AGMH,1-Sep-26,1-Sep-26,1-Sep-26,,1-Sep-26,0.00,,,,,Opening Balance,23580001,Opening Balance,,0,23580001,11-Sep-26,H
1054,MPOT000234,AB,0000000000,AGMH,1-Sep-26,1-Sep-26,1-Sep-26,,1-Sep-26,,,,,,Opening Balance,23580001,Opening Balance,,0,23580001,11-Sep-26,S
1054,MPOT003312,AB,0000000000,AGMH,1-Sep-26,1-Sep-26,1-Sep-26,,1-Sep-26,,,,,,Opening Balance,23580001,Opening Balance,,0,23580001,11-Sep-26,S
1054,MPOT003313,AB,0000000000,AGMH,1-Sep-26,1-Sep-26,1-Sep-26,,1-Sep-26,78.67,,,,,Opening Balance,23580001,Opening Balance,,0,23580001,11-Sep-26,H
1054,AGWSP0294,AB,0000000000,AGMH,1-Sep-26,1-Sep-26,1-Sep-26,,1-Sep-26,844000.00,,,,,Opening Balance,23580001,Opening Balance,,0,23580001,11-Sep-26,H
1054,MPOT000758,AB,0000000000,AGMH,1-Sep-26,1-Sep-26,1-Sep-26,,1-Sep-26,,,,,,Opening Balance,23580001,Opening Balance,,0,23580001,11-Sep-26,S
1054,MPOT003352,AB,0000000000,AGMH,1-Sep-26,1-Sep-26,1-Sep-26,,1-Sep-26,0.00,,,,,Opening Balance,23580001,Opening Balance,,0,23580001,11-Sep-26,H
1054,MPOT002872,AB,0000000000,AGMH,1-Sep-26,1-Sep-26,1-Sep-26,,1-Sep-26,499954.67,,,,,Opening Balance,23580001,Opening Balance,,0,23580001,11-Sep-26,H
1054,MPOT003030,AB,0000000000,AGMH,1-Sep-26,1-Sep-26,1-Sep-26,,1-Sep-26,2000078.67,,,,,Opening Balance,23580001,Opening Balance,,0,23580001,11-Sep-26,H
1054,MPOT003031,AB,0000000000,AGMH,1-Sep-26,1-Sep-26,1-Sep-26,,1-Sep-26,0.00,,,,,Opening Balance,23580001,Opening Balance,,0,23580001,11-Sep-26,H
1054,MPOT003032,AB,0000000000,AGMH,1-Sep-26,1-Sep-26,1-Sep-26,,1-Sep-26,0.00,,,,,Opening Balance,23580001,Opening Balance,,0,23580001,11-Sep-26,H
1054,MPOT003033,AB,0000000000,AGMH,1-Sep-26,1-Sep-26,1-Sep-26,,1-Sep-26,,,,,,Opening Balance,23580001,Opening Balance,,0,23580001,11-Sep-26,S
1054,MPOT003040,AB,0000000000,AGMH,1-Sep-26,1-Sep-26,1-Sep-26,,1-Sep-26,0.00,,,,,Opening Balance,23580001,Opening Balance,,0,23580001,11-Sep-26,H
1054,MPOT003377,AB,0000000000,AGMH,1-Sep-26,1-Sep-26,1-Sep-26,,1-Sep-26,0.00,,,,,Opening Balance,23580001,Opening Balance,,0,23580001,11-Sep-26,H
1054,MPOT002874,AB,0000000000,AGMH,1-Sep-26,1-Sep-26,1-Sep-26,,1-Sep-26,,,,,,Opening Balance,23580001,Opening Balance,,0,23580001,11-Sep-26,S
1054,MPOT001613,AB,0000000000,AGMH,1-Sep-26,1-Sep-26,1-Sep-26,,1-Sep-26,0.00,,,,,Opening Balance,23580001,Opening Balance,,0,23580001,11-Sep-26,H
1054,MPOT000676,AB,0000000000,AGMH,1-Sep-26,1-Sep-26,1-Sep-26,,1-Sep-26,,,,,,Opening Balance,23580001,Opening Balance,,0,23580001,11-Sep-26,S
1054,MPOT000677,AB,0000000000,AGMH,1-Sep-26,1-Sep-26,1-Sep-26,,1-Sep-26,,,,,,Opening Balance,23580001,Opening Balance,,0,23580001,11-Sep-26,S
1054,MPOT000678,AB,0000000000,AGMH,1-Sep-26,1-Sep-26,1-Sep-26,,1-Sep-26,,,,,,Opening Balance,23580001,Opening Balance,,0,23580001,11-Sep-26,S
1054,MPOT000551,AB,0000000000,AGMH,1-Sep-26,1-Sep-26,1-Sep-26,,1-Sep-26,0.00,,,,,Opening Balance,23580001,Opening Balance,,0,23580001,11-Sep-26,H
1054,MPOT000731,AB,0000000000,AGMH,1-Sep-26,1-Sep-26,1-Sep-26,,1-Sep-26,,,,,,Opening Balance,23580001,Opening Balance,,0,23580001,11-Sep-26,S
1054,MPOT000732,AB,0000000000,AGMH,1-Sep-26,1-Sep-26,1-Sep-26,,1-Sep-26,,,,,,Opening Balance,23580001,Opening Balance,,0,23580001,11-Sep-26,S
1054,MPOT001626,AB,0000000000,AGMH,1-Sep-26,1-Sep-26,1-Sep-26,,1-Sep-26,,,,,,Opening Balance,23580001,Opening Balance,,0,23580001,11-Sep-26,S
1054,MPOT001645,AB,0000000000,AGMH,1-Sep-26,1-Sep-26,1-Sep-26,,1-Sep-26,0.00,,,,,Opening Balance,23580001,Opening Balance,,0,23580001,11-Sep-26,H
1054,MPOT001596,AB,0000000000,AGMH,1-Sep-26,1-Sep-26,1-Sep-26,,1-Sep-26,,,,,,Opening Balance,23580001,Opening Balance,,0,23580001,11-Sep-26,S
1054,MPOT001180,AB,0000000000,AGMH,1-Sep-26,1-Sep-26,1-Sep-26,,1-Sep-26,42766.67,,,,,Opening Balance,23580001,Opening Balance,,0,23580001,11-Sep-26,H
1054,MPOT001615,AB,0000000000,AGMH,1-Sep-26,1-Sep-26,1-Sep-26,,1-Sep-26,0.00,,,,,Opening Balance,23580001,Opening Balance,,0,23580001,11-Sep-26,H
1054,MPOT001652,AB,0000000000,AGMH,1-Sep-26,1-Sep-26,1-Sep-26,,1-Sep-26,0.00,,,,,Opening Balance,23580001,Opening Balance,,0,23580001,11-Sep-26,H
1054,MPOT001653,AB,0000000000,AGMH,1-Sep-26,1-Sep-26,1-Sep-26,,1-Sep-26,0.00,,,,,Opening Balance,23580001,Opening Balance,,0,23580001,11-Sep-26,H
1054,MPOT001555,AB,0000000000,AGMH,1-Sep-26,1-Sep-26,1-Sep-26,,1-Sep-26,0.00,,,,,Opening Balance,23580001,Opening Balance,,0,23580001,11-Sep-26,H
1054,MPOT001556,AB,0000000000,AGMH,1-Sep-26,1-Sep-26,1-Sep-26,,1-Sep-26,,,,,,Opening Balance,23580001,Opening Balance,,0,23580001,11-Sep-26,S
1054,MPOT001202,AB,0000000000,AGMH,1-Sep-26,1-Sep-26,1-Sep-26,,1-Sep-26,,,,,,Opening Balance,23580001,Opening Balance,,0,23580001,11-Sep-26,S
1054,MPOT001685,AB,0000000000,AGMH,1-Sep-26,1-Sep-26,1-Sep-26,,1-Sep-26,0.00,,,,,Opening Balance,23580001,Opening Balance,,0,23580001,11-Sep-26,H
1054,MPOT001375,AB,0000000000,AGMH,1-Sep-26,1-Sep-26,1-Sep-26,,1-Sep-26,1495.00,,,,,Opening Balance,23580001,Opening Balance,,0,23580001,11-Sep-26,H
1054,MPOT001376,AB,0000000000,AGMH,1-Sep-26,1-Sep-26,1-Sep-26,,1-Sep-26,,,,,,Opening Balance,23580001,Opening Balance,,0,23580001,11-Sep-26,S
1054,MPOT000798,AB,0000000000,AGMH,1-Sep-26,1-Sep-26,1-Sep-26,,1-Sep-26,0.00,,,,,Opening Balance,23580001,Opening Balance,,0,23580001,11-Sep-26,H
1054,MPOT000804,AB,0000000000,AGMH,1-Sep-26,1-Sep-26,1-Sep-26,,1-Sep-26,183000.00,,,,,Opening Balance,23580001,Opening Balance,,0,23580001,11-Sep-26,H
1054,MPOT001218,AB,0000000000,AGMH,1-Sep-26,1-Sep-26,1-Sep-26,,1-Sep-26,1301.96,,,,,Opening Balance,23580001,Opening Balance,,0,23580001,11-Sep-26,S
1054,MPOT001020,AB,0000000000,AGMH,1-Sep-26,1-Sep-26,1-Sep-26,,1-Sep-26,,,,,,Opening Balance,23580001,Opening Balance,,0,23580001,11-Sep-26,S
1054,MPOT001196,AB,0000000000,AGMH,1-Sep-26,1-Sep-26,1-Sep-26,,1-Sep-26,9882.00,,,,,Opening Balance,23580001,Opening Balance,,0,23580001,11-Sep-26,H
1054,MPOT001529,AB,0000000000,AGMH,1-Sep-26,1-Sep-26,1-Sep-26,,1-Sep-26,,,,,,Opening Balance,23580001,Opening Balance,,0,23580001,11-Sep-26,S
1054,MPOT001216,AB,0000000000,AGMH,1-Sep-26,1-Sep-26,1-Sep-26,,1-Sep-26,0.00,,,,,Opening Balance,23580001,Opening Balance,,0,23580001,11-Sep-26,H
1054,MPOT000711,AB,0000000000,AGMH,1-Sep-26,1-Sep-26,1-Sep-26,,1-Sep-26,,,,,,Opening Balance,23580001,Opening Balance,,0,23580001,11-Sep-26,S
1054,MPOT000725,AB,0000000000,AGMH,1-Sep-26,1-Sep-26,1-Sep-26,,1-Sep-26,,,,,,Opening Balance,23580001,Opening Balance,,0,23580001,11-Sep-26,S
1054,MPOT000726,AB,0000000000,AGMH,1-Sep-26,1-Sep-26,1-Sep-26,,1-Sep-26,,,,,,Opening Balance,23580001,Opening Balance,,0,23580001,11-Sep-26,S
1054,MPOT000009,AB,0000000000,AGMH,1-Sep-26,1-Sep-26,1-Sep-26,,1-Sep-26,0.00,,,,,Opening Balance,23580001,Opening Balance,,0,23580001,11-Sep-26,H
1054,MPOT000546,AB,0000000000,AGMH,1-Sep-26,1-Sep-26,1-Sep-26,,1-Sep-26,0.00,,,,,Opening Balance,23580001,Opening Balance,,0,23580001,11-Sep-26,H
1054,MPOT000700,AB,0000000000,AGMH,1-Sep-26,1-Sep-26,1-Sep-26,,1-Sep-26,,,,,,Opening Balance,23580001,Opening Balance,,0,23580001,11-Sep-26,S
1054,MPOT000701,AB,0000000000,AGMH,1-Sep-26,1-Sep-26,1-Sep-26,,1-Sep-26,0.00,,,,,Opening Balance,23580001,Opening Balance,,0,23580001,11-Sep-26,H
1054,MPOT000702,AB,0000000000,AGMH,1-Sep-26,1-Sep-26,1-Sep-26,,1-Sep-26,,,,,,Opening Balance,23580001,Opening Balance,,0,23580001,11-Sep-26,S
1054,MPOT000704,AB,0000000000,AGMH,1-Sep-26,1-Sep-26,1-Sep-26,,1-Sep-26,,,,,,Opening Balance,23580001,Opening Balance,,0,23580001,11-Sep-26,S
1054,MPOT000703,AB,0000000000,AGMH,1-Sep-26,1-Sep-26,1-Sep-26,,1-Sep-26,,,,,,Opening Balance,23580001,Opening Balance,,0,23580001,11-Sep-26,S
1054,MPOT000705,AB,0000000000,AGMH,1-Sep-26,1-Sep-26,1-Sep-26,,1-Sep-26,6032213.68,,,,,Opening Balance,23580001,Opening Balance,,0,23580001,11-Sep-26,H
1054,MPOT000706,AB,0000000000,AGMH,1-Sep-26,1-Sep-26,1-Sep-26,,1-Sep-26,,,,,,Opening Balance,23580001,Opening Balance,,0,23580001,11-Sep-26,S
1054,MPOT001190,AB,0000000000,AGMH,1-Sep-26,1-Sep-26,1-Sep-26,,1-Sep-26,0.00,,,,,Opening Balance,23580001,Opening Balance,,0,23580001,11-Sep-26,H
1054,MPOT000819,AB,0000000000,AGMH,1-Sep-26,1-Sep-26,1-Sep-26,,1-Sep-26,6009114.00,,,,,Opening Balance,23580001,Opening Balance,,0,23580001,11-Sep-26,H
1054,MPOT000820,AB,0000000000,AGMH,1-Sep-26,1-Sep-26,1-Sep-26,,1-Sep-26,,,,,,Opening Balance,23580001,Opening Balance,,0,23580001,11-Sep-26,S
1054,MPOT000821,AB,0000000000,AGMH,1-Sep-26,1-Sep-26,1-Sep-26,,1-Sep-26,0.00,,,,,Opening Balance,23580001,Opening Balance,,0,23580001,11-Sep-26,H
1054,MPOT000822,AB,0000000000,AGMH,1-Sep-26,1-Sep-26,1-Sep-26,,1-Sep-26,1000000.00,,,,,Opening Balance,23580001,Opening Balance,,0,23580001,11-Sep-26,H
1054,MPOT000823,AB,0000000000,AGMH,1-Sep-26,1-Sep-26,1-Sep-26,,1-Sep-26,0.00,,,,,Opening Balance,23580001,Opening Balance,,0,23580001,11-Sep-26,H
1054,MPOT000824,AB,0000000000,AGMH,1-Sep-26,1-Sep-26,1-Sep-26,,1-Sep-26,0.00,,,,,Opening Balance,23580001,Opening Balance,,0,23580001,11-Sep-26,H
1054,MPOT000569,AB,0000000000,AGMH,1-Sep-26,1-Sep-26,1-Sep-26,,1-Sep-26,152236.00,,,,,Opening Balance,23580001,Opening Balance,,0,23580001,11-Sep-26,H
1054,MPOT000570,AB,0000000000,AGMH,1-Sep-26,1-Sep-26,1-Sep-26,,1-Sep-26,0.00,,,,,Opening Balance,23580001,Opening Balance,,0,23580001,11-Sep-26,H
1054,MPOT000571,AB,0000000000,AGMH,1-Sep-26,1-Sep-26,1-Sep-26,,1-Sep-26,,,,,,Opening Balance,23580001,Opening Balance,,0,23580001,11-Sep-26,S
1054,MPOT000582,AB,0000000000,AGMH,1-Sep-26,1-Sep-26,1-Sep-26,,1-Sep-26,,,,,,Opening Balance,23580001,Opening Balance,,0,23580001,11-Sep-26,S
1054,MPOT000601,AB,0000000000,AGMH,1-Sep-26,1-Sep-26,1-Sep-26,,1-Sep-26,,,,,,Opening Balance,23580001,Opening Balance,,0,23580001,11-Sep-26,S
1054,MPOT000617,AB,0000000000,AGMH,1-Sep-26,1-Sep-26,1-Sep-26,,1-Sep-26,,,,,,Opening Balance,23580001,Opening Balance,,0,23580001,11-Sep-26,S
1054,MPOT000012,AB,0000000000,AGMH,1-Sep-26,1-Sep-26,1-Sep-26,,1-Sep-26,,,,,,Opening Balance,23580001,Opening Balance,,0,23580001,11-Sep-26,S
1054,MPOT000671,AB,0000000000,AGMH,1-Sep-26,1-Sep-26,1-Sep-26,,1-Sep-26,,,,,,Opening Balance,23580001,Opening Balance,,0,23580001,11-Sep-26,S
1054,MPOT000672,AB,0000000000,AGMH,1-Sep-26,1-Sep-26,1-Sep-26,,1-Sep-26,,,,,,Opening Balance,23580001,Opening Balance,,0,23580001,11-Sep-26,S
1054,MPOT000679,AB,0000000000,AGMH,1-Sep-26,1-Sep-26,1-Sep-26,,1-Sep-26,,,,,,Opening Balance,23580001,Opening Balance,,0,23580001,11-Sep-26,S
1054,MPOT000680,AB,0000000000,AGMH,1-Sep-26,1-Sep-26,1-Sep-26,,1-Sep-26,0.00,,,,,Opening Balance,23580001,Opening Balance,,0,23580001,11-Sep-26,H
1054,MPOT000681,AB,0000000000,AGMH,1-Sep-26,1-Sep-26,1-Sep-26,,1-Sep-26,275.00,,,,,Opening Balance,23580001,Opening Balance,,0,23580001,11-Sep-26,H
1054,MPOT000682,AB,0000000000,AGMH,1-Sep-26,1-Sep-26,1-Sep-26,,1-Sep-26,0.00,,,,,Opening Balance,23580001,Opening Balance,,0,23580001,11-Sep-26,H
1054,MPOT000692,AB,0000000000,AGMH,1-Sep-26,1-Sep-26,1-Sep-26,,1-Sep-26,78805.90,,,,,Opening Balance,23580001,Opening Balance,,0,23580001,11-Sep-26,S
1054,MPOT000693,AB,0000000000,AGMH,1-Sep-26,1-Sep-26,1-Sep-26,,1-Sep-26,,,,,,Opening Balance,23580001,Opening Balance,,0,23580001,11-Sep-26,S
1054,MPOT000695,AB,0000000000,AGMH,1-Sep-26,1-Sep-26,1-Sep-26,,1-Sep-26,,,,,,Opening Balance,23580001,Opening Balance,,0,23580001,11-Sep-26,S
1054,MPOT000675,AB,0000000000,AGMH,1-Sep-26,1-Sep-26,1-Sep-26,,1-Sep-26,0.00,,,,,Opening Balance,23580001,Opening Balance,,0,23580001,11-Sep-26,H
1054,MPOT000014,AB,0000000000,AGMH,1-Sep-26,1-Sep-26,1-Sep-26,,1-Sep-26,,,,,,Opening Balance,23580001,Opening Balance,,0,23580001,11-Sep-26,S
1054,MPOT000735,AB,0000000000,AGMH,1-Sep-26,1-Sep-26,1-Sep-26,,1-Sep-26,9999.00,,,,,Opening Balance,23580001,Opening Balance,,0,23580001,11-Sep-26,H
1054,MPOT000778,AB,0000000000,AGMH,1-Sep-26,1-Sep-26,1-Sep-26,,1-Sep-26,,,,,,Opening Balance,23580001,Opening Balance,,0,23580001,11-Sep-26,S
1054,MPOT000800,AB,0000000000,AGMH,1-Sep-26,1-Sep-26,1-Sep-26,,1-Sep-26,,,,,,Opening Balance,23580001,Opening Balance,,0,23580001,11-Sep-26,S
1054,MPOT000799,AB,0000000000,AGMH,1-Sep-26,1-Sep-26,1-Sep-26,,1-Sep-26,,,,,,Opening Balance,23580001,Opening Balance,,0,23580001,11-Sep-26,S
1054,MPOT000801,AB,0000000000,AGMH,1-Sep-26,1-Sep-26,1-Sep-26,,1-Sep-26,0.00,,,,,Opening Balance,23580001,Opening Balance,,0,23580001,11-Sep-26,H
1054,MPOT000828,AB,0000000000,AGMH,1-Sep-26,1-Sep-26,1-Sep-26,,1-Sep-26,0.00,,,,,Opening Balance,23580001,Opening Balance,,0,23580001,11-Sep-26,H
1054,MPOT000850,AB,0000000000,AGMH,1-Sep-26,1-Sep-26,1-Sep-26,,1-Sep-26,301.00,,,,,Opening Balance,23580001,Opening Balance,,0,23580001,11-Sep-26,H
1054,MPOT000849,AB,0000000000,AGMH,1-Sep-26,1-Sep-26,1-Sep-26,,1-Sep-26,,,,,,Opening Balance,23580001,Opening Balance,,0,23580001,11-Sep-26,S
1054,MPOT000858,AB,0000000000,AGMH,1-Sep-26,1-Sep-26,1-Sep-26,,1-Sep-26,0.00,,,,,Opening Balance,23580001,Opening Balance,,0,23580001,11-Sep-26,H
1054,MPOT000859,AB,0000000000,AGMH,1-Sep-26,1-Sep-26,1-Sep-26,,1-Sep-26,0.00,,,,,Opening Balance,23580001,Opening Balance,,0,23580001,11-Sep-26,H
1054,MPOT000332,AB,0000000000,AGMH,1-Sep-26,1-Sep-26,1-Sep-26,,1-Sep-26,0.00,,,,,Opening Balance,23580001,Opening Balance,,0,23580001,11-Sep-26,H
1054,MPOT000897,AB,0000000000,AGMH,1-Sep-26,1-Sep-26,1-Sep-26,,1-Sep-26,0.00,,,,,Opening Balance,23580001,Opening Balance,,0,23580001,11-Sep-26,H
1054,MPOT000898,AB,0000000000,AGMH,1-Sep-26,1-Sep-26,1-Sep-26,,1-Sep-26,0.00,,,,,Opening Balance,23580001,Opening Balance,,0,23580001,11-Sep-26,H
1054,MPOT000238,AB,0000000000,AGMH,1-Sep-26,1-Sep-26,1-Sep-26,,1-Sep-26,5598600.00,,,,,Opening Balance,23580001,Opening Balance,,0,23580001,11-Sep-26,H
1054,MPOT000956,AB,0000000000,AGMH,1-Sep-26,1-Sep-26,1-Sep-26,,1-Sep-26,0.00,,,,,Opening Balance,23580001,Opening Balance,,0,23580001,11-Sep-26,H
1054,MPOT001080,AB,0000000000,AGMH,1-Sep-26,1-Sep-26,1-Sep-26,,1-Sep-26,0.00,,,,,Opening Balance,23580001,Opening Balance,,0,23580001,11-Sep-26,H
1054,MPOT001079,AB,0000000000,AGMH,1-Sep-26,1-Sep-26,1-Sep-26,,1-Sep-26,,,,,,Opening Balance,23580001,Opening Balance,,0,23580001,11-Sep-26,S
1054,MPOT000193,AB,0000000000,AGMH,1-Sep-26,1-Sep-26,1-Sep-26,,1-Sep-26,0.00,,,,,Opening Balance,23580001,Opening Balance,,0,23580001,11-Sep-26,H
1054,MPOT001099,AB,0000000000,AGMH,1-Sep-26,1-Sep-26,1-Sep-26,,1-Sep-26,,,,,,Opening Balance,23580001,Opening Balance,,0,23580001,11-Sep-26,S
1054,MPOT001100,AB,0000000000,AGMH,1-Sep-26,1-Sep-26,1-Sep-26,,1-Sep-26,,,,,,Opening Balance,23580001,Opening Balance,,0,23580001,11-Sep-26,S
1054,MPOT000797,AB,0000000000,AGMH,1-Sep-26,1-Sep-26,1-Sep-26,,1-Sep-26,,,,,,Opening Balance,23580001,Opening Balance,,0,23580001,11-Sep-26,S
1054,MPOT001106,AB,0000000000,AGMH,1-Sep-26,1-Sep-26,1-Sep-26,,1-Sep-26,,,,,,Opening Balance,23580001,Opening Balance,,0,23580001,11-Sep-26,S
1054,MPOT001133,AB,0000000000,AGMH,1-Sep-26,1-Sep-26,1-Sep-26,,1-Sep-26,,,,,,Opening Balance,23580001,Opening Balance,,0,23580001,11-Sep-26,S
1054,MPOT001171,AB,0000000000,AGMH,1-Sep-26,1-Sep-26,1-Sep-26,,1-Sep-26,0.00,,,,,Opening Balance,23580001,Opening Balance,,0,23580001,11-Sep-26,H
1054,MPOT001179,AB,0000000000,AGMH,1-Sep-26,1-Sep-26,1-Sep-26,,1-Sep-26,,,,,,Opening Balance,23580001,Opening Balance,,0,23580001,11-Sep-26,S
1054,MPOT001178,AB,0000000000,AGMH,1-Sep-26,1-Sep-26,1-Sep-26,,1-Sep-26,,,,,,Opening Balance,23580001,Opening Balance,,0,23580001,11-Sep-26,S
1054,MPOT001201,AB,0000000000,AGMH,1-Sep-26,1-Sep-26,1-Sep-26,,1-Sep-26,0.00,,,,,Opening Balance,23580001,Opening Balance,,0,23580001,11-Sep-26,H
1054,MPOT001288,AB,0000000000,AGMH,1-Sep-26,1-Sep-26,1-Sep-26,,1-Sep-26,,,,,,Opening Balance,23580001,Opening Balance,,0,23580001,11-Sep-26,S
1054,MPOT001289,AB,0000000000,AGMH,1-Sep-26,1-Sep-26,1-Sep-26,,1-Sep-26,3200.00,,,,,Opening Balance,23580001,Opening Balance,,0,23580001,11-Sep-26,S
1054,MPOT001290,AB,0000000000,AGMH,1-Sep-26,1-Sep-26,1-Sep-26,,1-Sep-26,0.00,,,,,Opening Balance,23580001,Opening Balance,,0,23580001,11-Sep-26,H
1054,MPOT001612,AB,0000000000,AGMH,1-Sep-26,1-Sep-26,1-Sep-26,,1-Sep-26,0.00,,,,,Opening Balance,23580001,Opening Balance,,0,23580001,11-Sep-26,H
1054,MPOT001623,AB,0000000000,AGMH,1-Sep-26,1-Sep-26,1-Sep-26,,1-Sep-26,0.00,,,,,Opening Balance,23580001,Opening Balance,,0,23580001,11-Sep-26,H
1054,MPOT001624,AB,0000000000,AGMH,1-Sep-26,1-Sep-26,1-Sep-26,,1-Sep-26,,,,,,Opening Balance,23580001,Opening Balance,,0,23580001,11-Sep-26,S
1054,MPOT001625,AB,0000000000,AGMH,1-Sep-26,1-Sep-26,1-Sep-26,,1-Sep-26,,,,,,Opening Balance,23580001,Opening Balance,,0,23580001,11-Sep-26,S
1054,MPOT000435,AB,0000000000,AGMH,1-Sep-26,1-Sep-26,1-Sep-26,,1-Sep-26,,,,,,Opening Balance,23580001,Opening Balance,,0,23580001,11-Sep-26,S
1054,MPOT000006,AB,0000000000,AGMH,1-Sep-26,1-Sep-26,1-Sep-26,,1-Sep-26,,,,,,Opening Balance,23580001,Opening Balance,,0,23580001,11-Sep-26,S
1054,MPOT000209,AB,0000000000,AGMH,1-Sep-26,1-Sep-26,1-Sep-26,,1-Sep-26,,,,,,Opening Balance,23580001,Opening Balance,,0,23580001,11-Sep-26,S
1054,MPOT000304,AB,0000000000,AGMH,1-Sep-26,1-Sep-26,1-Sep-26,,1-Sep-26,,,,,,Opening Balance,23580001,Opening Balance,,0,23580001,11-Sep-26,S
1054,MPOT000447,AB,0000000000,AGMH,1-Sep-26,1-Sep-26,1-Sep-26,,1-Sep-26,6.00,,,,,Opening Balance,23580001,Opening Balance,,0,23580001,11-Sep-26,S
1054,MPOT000097,AB,0000000000,AGMH,1-Sep-26,1-Sep-26,1-Sep-26,,1-Sep-26,,,,,,Opening Balance,23580001,Opening Balance,,0,23580001,11-Sep-26,S
1054,MPOT000473,AB,0000000000,AGMH,1-Sep-26,1-Sep-26,1-Sep-26,,1-Sep-26,,,,,,Opening Balance,23580001,Opening Balance,,0,23580001,11-Sep-26,S
1054,MPOT000474,AB,0000000000,AGMH,1-Sep-26,1-Sep-26,1-Sep-26,,1-Sep-26,,,,,,Opening Balance,23580001,Opening Balance,,0,23580001,11-Sep-26,S
1054,MPOT000475,AB,0000000000,AGMH,1-Sep-26,1-Sep-26,1-Sep-26,,1-Sep-26,,,,,,Opening Balance,23580001,Opening Balance,,0,23580001,11-Sep-26,S
1054,MPOT000476,AB,0000000000,AGMH,1-Sep-26,1-Sep-26,1-Sep-26,,1-Sep-26,0.00,,,,,Opening Balance,23580001,Opening Balance,,0,23580001,11-Sep-26,H
1054,MPOT000477,AB,0000000000,AGMH,1-Sep-26,1-Sep-26,1-Sep-26,,1-Sep-26,,,,,,Opening Balance,23580001,Opening Balance,,0,23580001,11-Sep-26,S
1054,MPOT000479,AB,0000000000,AGMH,1-Sep-26,1-Sep-26,1-Sep-26,,1-Sep-26,,,,,,Opening Balance,23580001,Opening Balance,,0,23580001,11-Sep-26,S
1054,MPOT000508,AB,0000000000,AGMH,1-Sep-26,1-Sep-26,1-Sep-26,,1-Sep-26,,,,,,Opening Balance,23580001,Opening Balance,,0,23580001,11-Sep-26,S
1054,MPOT000519,AB,0000000000,AGMH,1-Sep-26,1-Sep-26,1-Sep-26,,1-Sep-26,,,,,,Opening Balance,23580001,Opening Balance,,0,23580001,11-Sep-26,S
1054,MPOT000529,AB,0000000000,AGMH,1-Sep-26,1-Sep-26,1-Sep-26,,1-Sep-26,,,,,,Opening Balance,23580001,Opening Balance,,0,23580001,11-Sep-26,S
1054,MPOT000530,AB,0000000000,AGMH,1-Sep-26,1-Sep-26,1-Sep-26,,1-Sep-26,0.00,,,,,Opening Balance,23580001,Opening Balance,,0,23580001,11-Sep-26,H
1054,MPOT000536,AB,0000000000,AGMH,1-Sep-26,1-Sep-26,1-Sep-26,,1-Sep-26,,,,,,Opening Balance,23580001,Opening Balance,,0,23580001,11-Sep-26,S
1054,MPOT000552,AB,0000000000,AGMH,1-Sep-26,1-Sep-26,1-Sep-26,,1-Sep-26,,,,,,Opening Balance,23580001,Opening Balance,,0,23580001,11-Sep-26,S
1054,MPOT000553,AB,0000000000,AGMH,1-Sep-26,1-Sep-26,1-Sep-26,,1-Sep-26,,,,,,Opening Balance,23580001,Opening Balance,,0,23580001,11-Sep-26,S
1054,MPOT000555,AB,0000000000,AGMH,1-Sep-26,1-Sep-26,1-Sep-26,,1-Sep-26,,,,,,Opening Balance,23580001,Opening Balance,,0,23580001,11-Sep-26,S
1054,MPOT000005,AB,0000000000,AGMH,1-Sep-26,1-Sep-26,1-Sep-26,,1-Sep-26,,,,,,Opening Balance,23580001,Opening Balance,,0,23580001,11-Sep-26,S
1054,MPOT000182,AB,0000000000,AGMH,1-Sep-26,1-Sep-26,1-Sep-26,,1-Sep-26,,,,,,Opening Balance,23580001,Opening Balance,,0,23580001,11-Sep-26,S
1054,AGCTI0023,AB,0000000000,AGMH,1-Sep-26,1-Sep-26,1-Sep-26,,1-Sep-26,,,,,,Opening Balance,23580001,Opening Balance,,0,23580001,11-Sep-26,S
1054,AGRS0085,AB,0000000000,AGMH,1-Sep-26,1-Sep-26,1-Sep-26,,1-Sep-26,0.00,,,,,Opening Balance,23580001,Opening Balance,,0,23580001,11-Sep-26,H
1054,AGSKA0109,AB,0000000000,AGMH,1-Sep-26,1-Sep-26,1-Sep-26,,1-Sep-26,,,,,,Opening Balance,23580001,Opening Balance,,0,23580001,11-Sep-26,S
1054,AGAAT0003,AB,0000000000,AGMH,1-Sep-26,1-Sep-26,1-Sep-26,,1-Sep-26,4964800.00,,,,,Opening Balance,23580001,Opening Balance,,0,23580001,11-Sep-26,H
1054,AGPSAW0075,AB,0000000000,AGMH,1-Sep-26,1-Sep-26,1-Sep-26,,1-Sep-26,0.00,,,,,Opening Balance,23580001,Opening Balance,,0,23580001,11-Sep-26,H
1054,AGKBS0182,AB,0000000000,AGMH,1-Sep-26,1-Sep-26,1-Sep-26,,1-Sep-26,,,,,,Opening Balance,23580001,Opening Balance,,0,23580001,11-Sep-26,S
1054,AGUVM0126,AB,0000000000,AGMH,1-Sep-26,1-Sep-26,1-Sep-26,,1-Sep-26,0.00,,,,,Opening Balance,23580001,Opening Balance,,0,23580001,11-Sep-26,H
1054,AGMBK0063,AB,0000000000,AGMH,1-Sep-26,1-Sep-26,1-Sep-26,,1-Sep-26,,,,,,Opening Balance,23580001,Opening Balance,,0,23580001,11-Sep-26,S
1054,AGATAN0011,AB,0000000000,AGMH,1-Sep-26,1-Sep-26,1-Sep-26,,1-Sep-26,,,,,,Opening Balance,23580001,Opening Balance,,0,23580001,11-Sep-26,S
1054,AGRF071,AB,0000000000,AGMH,1-Sep-26,1-Sep-26,1-Sep-26,,1-Sep-26,,,,,,Opening Balance,23580001,Opening Balance,,0,23580001,11-Sep-26,S
1054,AGSGF0114,AB,0000000000,AGMH,1-Sep-26,1-Sep-26,1-Sep-26,,1-Sep-26,,,,,,Opening Balance,23580001,Opening Balance,,0,23580001,11-Sep-26,S
1054,MPOT001719,AB,0000000000,AGMH,1-Sep-26,1-Sep-26,1-Sep-26,,1-Sep-26,0.00,,,,,Opening Balance,23580001,Opening Balance,,0,23580001,11-Sep-26,H
1054,MPOT001810,AB,0000000000,AGMH,1-Sep-26,1-Sep-26,1-Sep-26,,1-Sep-26,6619.00,,,,,Opening Balance,23580001,Opening Balance,,0,23580001,11-Sep-26,H
1054,MPOT001764,AB,0000000000,AGMH,1-Sep-26,1-Sep-26,1-Sep-26,,1-Sep-26,0.00,,,,,Opening Balance,23580001,Opening Balance,,0,23580001,11-Sep-26,H
1054,MPOT002525,AB,0000000000,AGMH,1-Sep-26,1-Sep-26,1-Sep-26,,1-Sep-26,0.00,,,,,Opening Balance,23580001,Opening Balance,,0,23580001,11-Sep-26,H
1054,MPOT002526,AB,0000000000,AGMH,1-Sep-26,1-Sep-26,1-Sep-26,,1-Sep-26,,,,,,Opening Balance,23580001,Opening Balance,,0,23580001,11-Sep-26,S
1054,MPOT002527,AB,0000000000,AGMH,1-Sep-26,1-Sep-26,1-Sep-26,,1-Sep-26,0.00,,,,,Opening Balance,23580001,Opening Balance,,0,23580001,11-Sep-26,H
1054,MPOT001770,AB,0000000000,AGMH,1-Sep-26,1-Sep-26,1-Sep-26,,1-Sep-26,,,,,,Opening Balance,23580001,Opening Balance,,0,23580001,11-Sep-26,S
1054,MPOT002498,AB,0000000000,AGMH,1-Sep-26,1-Sep-26,1-Sep-26,,1-Sep-26,0.00,,,,,Opening Balance,23580001,Opening Balance,,0,23580001,11-Sep-26,H
1054,MPOT001714,AB,0000000000,AGMH,1-Sep-26,1-Sep-26,1-Sep-26,,1-Sep-26,,,,,,Opening Balance,23580001,Opening Balance,,0,23580001,11-Sep-26,S
1054,MPOT002408,AB,0000000000,AGMH,1-Sep-26,1-Sep-26,1-Sep-26,,1-Sep-26,,,,,,Opening Balance,23580001,Opening Balance,,0,23580001,11-Sep-26,S
1054,MPOT002409,AB,0000000000,AGMH,1-Sep-26,1-Sep-26,1-Sep-26,,1-Sep-26,,,,,,Opening Balance,23580001,Opening Balance,,0,23580001,11-Sep-26,S
1054,MPOT002520,AB,0000000000,AGMH,1-Sep-26,1-Sep-26,1-Sep-26,,1-Sep-26,5036185.00,,,,,Opening Balance,23580001,Opening Balance,,0,23580001,11-Sep-26,H
1054,MPOT001816,AB,0000000000,AGMH,1-Sep-26,1-Sep-26,1-Sep-26,,1-Sep-26,3042.67,,,,,Opening Balance,23580001,Opening Balance,,0,23580001,11-Sep-26,S
1054,MPOT001817,AB,0000000000,AGMH,1-Sep-26,1-Sep-26,1-Sep-26,,1-Sep-26,,,,,,Opening Balance,23580001,Opening Balance,,0,23580001,11-Sep-26,S
1054,MPOT001818,AB,0000000000,AGMH,1-Sep-26,1-Sep-26,1-Sep-26,,1-Sep-26,1000.00,,,,,Opening Balance,23580001,Opening Balance,,0,23580001,11-Sep-26,S
1054,MPOT001750,AB,0000000000,AGMH,1-Sep-26,1-Sep-26,1-Sep-26,,1-Sep-26,,,,,,Opening Balance,23580001,Opening Balance,,0,23580001,11-Sep-26,S
1054,MPOT002492,AB,0000000000,AGMH,1-Sep-26,1-Sep-26,1-Sep-26,,1-Sep-26,0.00,,,,,Opening Balance,23580001,Opening Balance,,0,23580001,11-Sep-26,H
1054,MPOT002482,AB,0000000000,AGMH,1-Sep-26,1-Sep-26,1-Sep-26,,1-Sep-26,1000000.00,,,,,Opening Balance,23580001,Opening Balance,,0,23580001,11-Sep-26,H
1054,MPOT002481,AB,0000000000,AGMH,1-Sep-26,1-Sep-26,1-Sep-26,,1-Sep-26,,,,,,Opening Balance,23580001,Opening Balance,,0,23580001,11-Sep-26,S
1054,MPOT002480,AB,0000000000,AGMH,1-Sep-26,1-Sep-26,1-Sep-26,,1-Sep-26,0.00,,,,,Opening Balance,23580001,Opening Balance,,0,23580001,11-Sep-26,H
1054,MPOT002479,AB,0000000000,AGMH,1-Sep-26,1-Sep-26,1-Sep-26,,1-Sep-26,0.00,,,,,Opening Balance,23580001,Opening Balance,,0,23580001,11-Sep-26,H
1054,MPOT002478,AB,0000000000,AGMH,1-Sep-26,1-Sep-26,1-Sep-26,,1-Sep-26,0.00,,,,,Opening Balance,23580001,Opening Balance,,0,23580001,11-Sep-26,H
1054,MPOT002477,AB,0000000000,AGMH,1-Sep-26,1-Sep-26,1-Sep-26,,1-Sep-26,0.00,,,,,Opening Balance,23580001,Opening Balance,,0,23580001,11-Sep-26,H
1054,MPOT002476,AB,0000000000,AGMH,1-Sep-26,1-Sep-26,1-Sep-26,,1-Sep-26,0.00,,,,,Opening Balance,23580001,Opening Balance,,0,23580001,11-Sep-26,H
1054,MPOT002475,AB,0000000000,AGMH,1-Sep-26,1-Sep-26,1-Sep-26,,1-Sep-26,0.00,,,,,Opening Balance,23580001,Opening Balance,,0,23580001,11-Sep-26,H
1054,MPOT002473,AB,0000000000,AGMH,1-Sep-26,1-Sep-26,1-Sep-26,,1-Sep-26,0.00,,,,,Opening Balance,23580001,Opening Balance,,0,23580001,11-Sep-26,H
1054,MPOT002471,AB,0000000000,AGMH,1-Sep-26,1-Sep-26,1-Sep-26,,1-Sep-26,2000125.00,,,,,Opening Balance,23580001,Opening Balance,,0,23580001,11-Sep-26,H
1054,MPOT002470,AB,0000000000,AGMH,1-Sep-26,1-Sep-26,1-Sep-26,,1-Sep-26,,,,,,Opening Balance,23580001,Opening Balance,,0,23580001,11-Sep-26,S
1054,MPOT002469,AB,0000000000,AGMH,1-Sep-26,1-Sep-26,1-Sep-26,,1-Sep-26,870000.00,,,,,Opening Balance,23580001,Opening Balance,,0,23580001,11-Sep-26,H
1054,MPOT002468,AB,0000000000,AGMH,1-Sep-26,1-Sep-26,1-Sep-26,,1-Sep-26,0.00,,,,,Opening Balance,23580001,Opening Balance,,0,23580001,11-Sep-26,H
1054,MPOT002467,AB,0000000000,AGMH,1-Sep-26,1-Sep-26,1-Sep-26,,1-Sep-26,0.00,,,,,Opening Balance,23580001,Opening Balance,,0,23580001,11-Sep-26,H
1054,MPOT002466,AB,0000000000,AGMH,1-Sep-26,1-Sep-26,1-Sep-26,,1-Sep-26,,,,,,Opening Balance,23580001,Opening Balance,,0,23580001,11-Sep-26,S
1054,MPOT002465,AB,0000000000,AGMH,1-Sep-26,1-Sep-26,1-Sep-26,,1-Sep-26,0.00,,,,,Opening Balance,23580001,Opening Balance,,0,23580001,11-Sep-26,H
1054,MPOT001591,AB,0000000000,AGMH,1-Sep-26,1-Sep-26,1-Sep-26,,1-Sep-26,,,,,,Opening Balance,23580001,Opening Balance,,0,23580001,11-Sep-26,S
1054,MPOT001576,AB,0000000000,AGMH,1-Sep-26,1-Sep-26,1-Sep-26,,1-Sep-26,0.00,,,,,Opening Balance,23580001,Opening Balance,,0,23580001,11-Sep-26,H
1054,MPOT001577,AB,0000000000,AGMH,1-Sep-26,1-Sep-26,1-Sep-26,,1-Sep-26,600085.00,,,,,Opening Balance,23580001,Opening Balance,,0,23580001,11-Sep-26,S
1054,MPOT001578,AB,0000000000,AGMH,1-Sep-26,1-Sep-26,1-Sep-26,,1-Sep-26,0.00,,,,,Opening Balance,23580001,Opening Balance,,0,23580001,11-Sep-26,H
1054,MPOT001579,AB,0000000000,AGMH,1-Sep-26,1-Sep-26,1-Sep-26,,1-Sep-26,,,,,,Opening Balance,23580001,Opening Balance,,0,23580001,11-Sep-26,S
1054,MPOT001580,AB,0000000000,AGMH,1-Sep-26,1-Sep-26,1-Sep-26,,1-Sep-26,0.00,,,,,Opening Balance,23580001,Opening Balance,,0,23580001,11-Sep-26,H
1054,MPOT001619,AB,0000000000,AGMH,1-Sep-26,1-Sep-26,1-Sep-26,,1-Sep-26,0.00,,,,,Opening Balance,23580001,Opening Balance,,0,23580001,11-Sep-26,H
1054,MPOT000763,AB,0000000000,AGMH,1-Sep-26,1-Sep-26,1-Sep-26,,1-Sep-26,0.00,,,,,Opening Balance,23580001,Opening Balance,,0,23580001,11-Sep-26,H
1054,MPOT001600,AB,0000000000,AGMH,1-Sep-26,1-Sep-26,1-Sep-26,,1-Sep-26,,,,,,Opening Balance,23580001,Opening Balance,,0,23580001,11-Sep-26,S
1054,MPOT000761,AB,0000000000,AGMH,1-Sep-26,1-Sep-26,1-Sep-26,,1-Sep-26,2152.00,,,,,Opening Balance,23580001,Opening Balance,,0,23580001,11-Sep-26,H
1054,MPOT000501,AB,0000000000,AGMH,1-Sep-26,1-Sep-26,1-Sep-26,,1-Sep-26,,,,,,Opening Balance,23580001,Opening Balance,,0,23580001,11-Sep-26,S
1054,MPOT000694,AB,0000000000,AGMH,1-Sep-26,1-Sep-26,1-Sep-26,,1-Sep-26,,,,,,Opening Balance,23580001,Opening Balance,,0,23580001,11-Sep-26,S
1054,MPOT001450,AB,0000000000,AGMH,1-Sep-26,1-Sep-26,1-Sep-26,,1-Sep-26,,,,,,Opening Balance,23580001,Opening Balance,,0,23580001,11-Sep-26,S
1054,MPOT001451,AB,0000000000,AGMH,1-Sep-26,1-Sep-26,1-Sep-26,,1-Sep-26,0.00,,,,,Opening Balance,23580001,Opening Balance,,0,23580001,11-Sep-26,H
1054,MPOT001452,AB,0000000000,AGMH,1-Sep-26,1-Sep-26,1-Sep-26,,1-Sep-26,,,,,,Opening Balance,23580001,Opening Balance,,0,23580001,11-Sep-26,S
1054,MPOT001462,AB,0000000000,AGMH,1-Sep-26,1-Sep-26,1-Sep-26,,1-Sep-26,0.00,,,,,Opening Balance,23580001,Opening Balance,,0,23580001,11-Sep-26,H
1054,MPOT001463,AB,0000000000,AGMH,1-Sep-26,1-Sep-26,1-Sep-26,,1-Sep-26,,,,,,Opening Balance,23580001,Opening Balance,,0,23580001,11-Sep-26,S
1054,MPOT001467,AB,0000000000,AGMH,1-Sep-26,1-Sep-26,1-Sep-26,,1-Sep-26,0.00,,,,,Opening Balance,23580001,Opening Balance,,0,23580001,11-Sep-26,H
1054,MPOT001495,AB,0000000000,AGMH,1-Sep-26,1-Sep-26,1-Sep-26,,1-Sep-26,0.00,,,,,Opening Balance,23580001,Opening Balance,,0,23580001,11-Sep-26,H
1054,MPOT001499,AB,0000000000,AGMH,1-Sep-26,1-Sep-26,1-Sep-26,,1-Sep-26,0.00,,,,,Opening Balance,23580001,Opening Balance,,0,23580001,11-Sep-26,H
1054,MPOT000851,AB,0000000000,AGMH,1-Sep-26,1-Sep-26,1-Sep-26,,1-Sep-26,,,,,,Opening Balance,23580001,Opening Balance,,0,23580001,11-Sep-26,S
1054,MPOT001023,AB,0000000000,AGMH,1-Sep-26,1-Sep-26,1-Sep-26,,1-Sep-26,0.00,,,,,Opening Balance,23580001,Opening Balance,,0,23580001,11-Sep-26,H
1054,MPOT001668,AB,0000000000,AGMH,1-Sep-26,1-Sep-26,1-Sep-26,,1-Sep-26,0.00,,,,,Opening Balance,23580001,Opening Balance,,0,23580001,11-Sep-26,H
1054,MPOT001686,AB,0000000000,AGMH,1-Sep-26,1-Sep-26,1-Sep-26,,1-Sep-26,0.00,,,,,Opening Balance,23580001,Opening Balance,,0,23580001,11-Sep-26,H
1054,MPOT000753,AB,0000000000,AGMH,1-Sep-26,1-Sep-26,1-Sep-26,,1-Sep-26,174749.00,,,,,Opening Balance,23580001,Opening Balance,,0,23580001,11-Sep-26,S
1054,MPOT000600,AB,0000000000,AGMH,1-Sep-26,1-Sep-26,1-Sep-26,,1-Sep-26,,,,,,Opening Balance,23580001,Opening Balance,,0,23580001,11-Sep-26,S
1054,MPOT000764,AB,0000000000,AGMH,1-Sep-26,1-Sep-26,1-Sep-26,,1-Sep-26,0.00,,,,,Opening Balance,23580001,Opening Balance,,0,23580001,11-Sep-26,H
1054,MPOT000066,AB,0000000000,AGMH,1-Sep-26,1-Sep-26,1-Sep-26,,1-Sep-26,,,,,,Opening Balance,23580001,Opening Balance,,0,23580001,11-Sep-26,S
1054,MPOT002444,AB,0000000000,AGMH,1-Sep-26,1-Sep-26,1-Sep-26,,1-Sep-26,,,,,,Opening Balance,23580001,Opening Balance,,0,23580001,11-Sep-26,S
1054,MPOT002435,AB,0000000000,AGMH,1-Sep-26,1-Sep-26,1-Sep-26,,1-Sep-26,,,,,,Opening Balance,23580001,Opening Balance,,0,23580001,11-Sep-26,S
1054,MPOT001781,AB,0000000000,AGMH,1-Sep-26,1-Sep-26,1-Sep-26,,1-Sep-26,19200.00,,,,,Opening Balance,23580001,Opening Balance,,0,23580001,11-Sep-26,S
1054,MPOT001684,AB,0000000000,AGMH,1-Sep-26,1-Sep-26,1-Sep-26,,1-Sep-26,0.00,,,,,Opening Balance,23580001,Opening Balance,,0,23580001,11-Sep-26,H
1054,MPOT001814,AB,0000000000,AGMH,1-Sep-26,1-Sep-26,1-Sep-26,,1-Sep-26,3200.00,,,,,Opening Balance,23580001,Opening Balance,,0,23580001,11-Sep-26,H
1054,MPOT001735,AB,0000000000,AGMH,1-Sep-26,1-Sep-26,1-Sep-26,,1-Sep-26,0.00,,,,,Opening Balance,23580001,Opening Balance,,0,23580001,11-Sep-26,H
1054,MPOT001749,AB,0000000000,AGMH,1-Sep-26,1-Sep-26,1-Sep-26,,1-Sep-26,0.00,,,,,Opening Balance,23580001,Opening Balance,,0,23580001,11-Sep-26,H
1054,MPOT001783,AB,0000000000,AGMH,1-Sep-26,1-Sep-26,1-Sep-26,,1-Sep-26,0.00,,,,,Opening Balance,23580001,Opening Balance,,0,23580001,11-Sep-26,H
1054,MPOT001784,AB,0000000000,AGMH,1-Sep-26,1-Sep-26,1-Sep-26,,1-Sep-26,7303.82,,,,,Opening Balance,23580001,Opening Balance,,0,23580001,11-Sep-26,S
1054,MPOT001785,AB,0000000000,AGMH,1-Sep-26,1-Sep-26,1-Sep-26,,1-Sep-26,,,,,,Opening Balance,23580001,Opening Balance,,0,23580001,11-Sep-26,S
1054,MPOT001786,AB,0000000000,AGMH,1-Sep-26,1-Sep-26,1-Sep-26,,1-Sep-26,,,,,,Opening Balance,23580001,Opening Balance,,0,23580001,11-Sep-26,S
1054,MPOT001787,AB,0000000000,AGMH,1-Sep-26,1-Sep-26,1-Sep-26,,1-Sep-26,,,,,,Opening Balance,23580001,Opening Balance,,0,23580001,11-Sep-26,S
1054,MPOT001788,AB,0000000000,AGMH,1-Sep-26,1-Sep-26,1-Sep-26,,1-Sep-26,,,,,,Opening Balance,23580001,Opening Balance,,0,23580001,11-Sep-26,S
1054,MPOT001941,AB,0000000000,AGMH,1-Sep-26,1-Sep-26,1-Sep-26,,1-Sep-26,,,,,,Opening Balance,23580001,Opening Balance,,0,23580001,11-Sep-26,S
1054,MPOT001959,AB,0000000000,AGMH,1-Sep-26,1-Sep-26,1-Sep-26,,1-Sep-26,,,,,,Opening Balance,23580001,Opening Balance,,0,23580001,11-Sep-26,S
1054,MPOT001960,AB,0000000000,AGMH,1-Sep-26,1-Sep-26,1-Sep-26,,1-Sep-26,100.00,,,,,Opening Balance,23580001,Opening Balance,,0,23580001,11-Sep-26,H
1054,MPOT001961,AB,0000000000,AGMH,1-Sep-26,1-Sep-26,1-Sep-26,,1-Sep-26,0.00,,,,,Opening Balance,23580001,Opening Balance,,0,23580001,11-Sep-26,H
1054,MPOT002317,AB,0000000000,AGMH,1-Sep-26,1-Sep-26,1-Sep-26,,1-Sep-26,,,,,,Opening Balance,23580001,Opening Balance,,0,23580001,11-Sep-26,S
1054,MPOT002318,AB,0000000000,AGMH,1-Sep-26,1-Sep-26,1-Sep-26,,1-Sep-26,0.00,,,,,Opening Balance,23580001,Opening Balance,,0,23580001,11-Sep-26,H
1054,MPOT002319,AB,0000000000,AGMH,1-Sep-26,1-Sep-26,1-Sep-26,,1-Sep-26,,,,,,Opening Balance,23580001,Opening Balance,,0,23580001,11-Sep-26,S
1054,MPOT002320,AB,0000000000,AGMH,1-Sep-26,1-Sep-26,1-Sep-26,,1-Sep-26,3200.00,,,,,Opening Balance,23580001,Opening Balance,,0,23580001,11-Sep-26,H
1054,MPOT002321,AB,0000000000,AGMH,1-Sep-26,1-Sep-26,1-Sep-26,,1-Sep-26,21403.00,,,,,Opening Balance,23580001,Opening Balance,,0,23580001,11-Sep-26,H
1054,MPOT002322,AB,0000000000,AGMH,1-Sep-26,1-Sep-26,1-Sep-26,,1-Sep-26,,,,,,Opening Balance,23580001,Opening Balance,,0,23580001,11-Sep-26,S
1054,MPOT002323,AB,0000000000,AGMH,1-Sep-26,1-Sep-26,1-Sep-26,,1-Sep-26,,,,,,Opening Balance,23580001,Opening Balance,,0,23580001,11-Sep-26,S
1054,MPOT002337,AB,0000000000,AGMH,1-Sep-26,1-Sep-26,1-Sep-26,,1-Sep-26,0.00,,,,,Opening Balance,23580001,Opening Balance,,0,23580001,11-Sep-26,H
1054,MPOT002352,AB,0000000000,AGMH,1-Sep-26,1-Sep-26,1-Sep-26,,1-Sep-26,,,,,,Opening Balance,23580001,Opening Balance,,0,23580001,11-Sep-26,S
1054,MPOT002353,AB,0000000000,AGMH,1-Sep-26,1-Sep-26,1-Sep-26,,1-Sep-26,500078.67,,,,,Opening Balance,23580001,Opening Balance,,0,23580001,11-Sep-26,H
1054,MPOT002354,AB,0000000000,AGMH,1-Sep-26,1-Sep-26,1-Sep-26,,1-Sep-26,,,,,,Opening Balance,23580001,Opening Balance,,0,23580001,11-Sep-26,S
1054,MPOT002359,AB,0000000000,AGMH,1-Sep-26,1-Sep-26,1-Sep-26,,1-Sep-26,,,,,,Opening Balance,23580001,Opening Balance,,0,23580001,11-Sep-26,S
1054,MPOT002370,AB,0000000000,AGMH,1-Sep-26,1-Sep-26,1-Sep-26,,1-Sep-26,,,,,,Opening Balance,23580001,Opening Balance,,0,23580001,11-Sep-26,S
1054,MPOT002513,AB,0000000000,AGMH,1-Sep-26,1-Sep-26,1-Sep-26,,1-Sep-26,,,,,,Opening Balance,23580001,Opening Balance,,0,23580001,11-Sep-26,S
1054,MPOT002517,AB,0000000000,AGMH,1-Sep-26,1-Sep-26,1-Sep-26,,1-Sep-26,16937.00,,,,,Opening Balance,23580001,Opening Balance,,0,23580001,11-Sep-26,H
1054,MPOT002553,AB,0000000000,AGMH,1-Sep-26,1-Sep-26,1-Sep-26,,1-Sep-26,500.00,,,,,Opening Balance,23580001,Opening Balance,,0,23580001,11-Sep-26,H
1054,MPOT000325,AB,0000000000,AGMH,1-Sep-26,1-Sep-26,1-Sep-26,,1-Sep-26,,,,,,Opening Balance,23580001,Opening Balance,,0,23580001,11-Sep-26,S
1054,MPOT000337,AB,0000000000,AGMH,1-Sep-26,1-Sep-26,1-Sep-26,,1-Sep-26,,,,,,Opening Balance,23580001,Opening Balance,,0,23580001,11-Sep-26,S
1054,MPOT000450,AB,0000000000,AGMH,1-Sep-26,1-Sep-26,1-Sep-26,,1-Sep-26,,,,,,Opening Balance,23580001,Opening Balance,,0,23580001,11-Sep-26,S
1054,MPOT000452,AB,0000000000,AGMH,1-Sep-26,1-Sep-26,1-Sep-26,,1-Sep-26,0.00,,,,,Opening Balance,23580001,Opening Balance,,0,23580001,11-Sep-26,H
1054,MPOT000453,AB,0000000000,AGMH,1-Sep-26,1-Sep-26,1-Sep-26,,1-Sep-26,,,,,,Opening Balance,23580001,Opening Balance,,0,23580001,11-Sep-26,S
1054,MPOT000459,AB,0000000000,AGMH,1-Sep-26,1-Sep-26,1-Sep-26,,1-Sep-26,23800.00,,,,,Opening Balance,23580001,Opening Balance,,0,23580001,11-Sep-26,H
1054,MPOT000460,AB,0000000000,AGMH,1-Sep-26,1-Sep-26,1-Sep-26,,1-Sep-26,0.00,,,,,Opening Balance,23580001,Opening Balance,,0,23580001,11-Sep-26,H
1054,MPOT000461,AB,0000000000,AGMH,1-Sep-26,1-Sep-26,1-Sep-26,,1-Sep-26,0.00,,,,,Opening Balance,23580001,Opening Balance,,0,23580001,11-Sep-26,H
1054,MPOT000462,AB,0000000000,AGMH,1-Sep-26,1-Sep-26,1-Sep-26,,1-Sep-26,0.00,,,,,Opening Balance,23580001,Opening Balance,,0,23580001,11-Sep-26,H
1054,MPOT000463,AB,0000000000,AGMH,1-Sep-26,1-Sep-26,1-Sep-26,,1-Sep-26,0.00,,,,,Opening Balance,23580001,Opening Balance,,0,23580001,11-Sep-26,H
1054,MPOT000464,AB,0000000000,AGMH,1-Sep-26,1-Sep-26,1-Sep-26,,1-Sep-26,0.00,,,,,Opening Balance,23580001,Opening Balance,,0,23580001,11-Sep-26,H
1054,MPOT000465,AB,0000000000,AGMH,1-Sep-26,1-Sep-26,1-Sep-26,,1-Sep-26,1500000.00,,,,,Opening Balance,23580001,Opening Balance,,0,23580001,11-Sep-26,H
1054,MPOT000480,AB,0000000000,AGMH,1-Sep-26,1-Sep-26,1-Sep-26,,1-Sep-26,,,,,,Opening Balance,23580001,Opening Balance,,0,23580001,11-Sep-26,S
1054,MPOT000507,AB,0000000000,AGMH,1-Sep-26,1-Sep-26,1-Sep-26,,1-Sep-26,,,,,,Opening Balance,23580001,Opening Balance,,0,23580001,11-Sep-26,S
1054,MPOT000528,AB,0000000000,AGMH,1-Sep-26,1-Sep-26,1-Sep-26,,1-Sep-26,,,,,,Opening Balance,23580001,Opening Balance,,0,23580001,11-Sep-26,S
1054,AGSPCP0097,AB,0000000000,AGMH,1-Sep-26,1-Sep-26,1-Sep-26,,1-Sep-26,7911.10,,,,,Opening Balance,23580001,Opening Balance,,0,23580001,11-Sep-26,S
1054,AGSCS0319,AB,0000000000,AGMH,1-Sep-26,1-Sep-26,1-Sep-26,,1-Sep-26,,,,,,Opening Balance,23580001,Opening Balance,,0,23580001,11-Sep-26,S
1054,AGSIP0263,AB,0000000000,AGMH,1-Sep-26,1-Sep-26,1-Sep-26,,1-Sep-26,1573810.00,,,,,Opening Balance,23580001,Opening Balance,,0,23580001,11-Sep-26,H
1054,AGMHZPC106,AB,0000000000,AGMH,1-Sep-26,1-Sep-26,1-Sep-26,,1-Sep-26,0.00,,,,,Opening Balance,23580001,Opening Balance,,0,23580001,11-Sep-26,H
1054,SPM0022,AB,0000000000,AGMH,1-Sep-26,1-Sep-26,1-Sep-26,,1-Sep-26,,,,,,Opening Balance,23580001,Opening Balance,,0,23580001,11-Sep-26,S
1054,SPP0007,AB,0000000000,AGMH,1-Sep-26,1-Sep-26,1-Sep-26,,1-Sep-26,510.00,,,,,Opening Balance,23580001,Opening Balance,,0,23580001,11-Sep-26,H
1054,SPJ0060,AB,0000000000,AGMH,1-Sep-26,1-Sep-26,1-Sep-26,,1-Sep-26,0.00,,,,,Opening Balance,23580001,Opening Balance,,0,23580001,11-Sep-26,H
1054,MPOT000146,AB,0000000000,AGMH,1-Sep-26,1-Sep-26,1-Sep-26,,1-Sep-26,,,,,,Opening Balance,23580001,Opening Balance,,0,23580001,11-Sep-26,S
1054,MPOT000176,AB,0000000000,AGMH,1-Sep-26,1-Sep-26,1-Sep-26,,1-Sep-26,1320000.00,,,,,Opening Balance,23580001,Opening Balance,,0,23580001,11-Sep-26,H
1054,MPOT000180,AB,0000000000,AGMH,1-Sep-26,1-Sep-26,1-Sep-26,,1-Sep-26,4250.00,,,,,Opening Balance,23580001,Opening Balance,,0,23580001,11-Sep-26,H
1054,MPOT000198,AB,0000000000,AGMH,1-Sep-26,1-Sep-26,1-Sep-26,,1-Sep-26,1500078.67,,,,,Opening Balance,23580001,Opening Balance,,0,23580001,11-Sep-26,H
1054,MPOT000199,AB,0000000000,AGMH,1-Sep-26,1-Sep-26,1-Sep-26,,1-Sep-26,0.00,,,,,Opening Balance,23580001,Opening Balance,,0,23580001,11-Sep-26,H
1054,MPOT000200,AB,0000000000,AGMH,1-Sep-26,1-Sep-26,1-Sep-26,,1-Sep-26,,,,,,Opening Balance,23580001,Opening Balance,,0,23580001,11-Sep-26,S
1054,MPOT000237,AB,0000000000,AGMH,1-Sep-26,1-Sep-26,1-Sep-26,,1-Sep-26,9724.00,,,,,Opening Balance,23580001,Opening Balance,,0,23580001,11-Sep-26,H
1054,MPOT000230,AB,0000000000,AGMH,1-Sep-26,1-Sep-26,1-Sep-26,,1-Sep-26,,,,,,Opening Balance,23580001,Opening Balance,,0,23580001,11-Sep-26,S
1054,MPOT000307,AB,0000000000,AGMH,1-Sep-26,1-Sep-26,1-Sep-26,,1-Sep-26,,,,,,Opening Balance,23580001,Opening Balance,,0,23580001,11-Sep-26,S
1054,MPOT000309,AB,0000000000,AGMH,1-Sep-26,1-Sep-26,1-Sep-26,,1-Sep-26,,,,,,Opening Balance,23580001,Opening Balance,,0,23580001,11-Sep-26,S
1054,MPOT000434,AB,0000000000,AGMH,1-Sep-26,1-Sep-26,1-Sep-26,,1-Sep-26,,,,,,Opening Balance,23580001,Opening Balance,,0,23580001,11-Sep-26,S
1054,MPOT002738,AB,0000000000,AGMH,1-Sep-26,1-Sep-26,1-Sep-26,,1-Sep-26,,,,,,Opening Balance,23580001,Opening Balance,,0,23580001,11-Sep-26,S
1054,MPOT002739,AB,0000000000,AGMH,1-Sep-26,1-Sep-26,1-Sep-26,,1-Sep-26,0.00,,,,,Opening Balance,23580001,Opening Balance,,0,23580001,11-Sep-26,H
1054,MPOT002740,AB,0000000000,AGMH,1-Sep-26,1-Sep-26,1-Sep-26,,1-Sep-26,,,,,,Opening Balance,23580001,Opening Balance,,0,23580001,11-Sep-26,S
1054,MPOT003253,AB,0000000000,AGMH,1-Sep-26,1-Sep-26,1-Sep-26,,1-Sep-26,0.00,,,,,Opening Balance,23580001,Opening Balance,,0,23580001,11-Sep-26,H
1054,MPOT003252,AB,0000000000,AGMH,1-Sep-26,1-Sep-26,1-Sep-26,,1-Sep-26,0.00,,,,,Opening Balance,23580001,Opening Balance,,0,23580001,11-Sep-26,H
1054,AGDIF9720,AB,0000000000,AGMH,1-Sep-26,1-Sep-26,1-Sep-26,,1-Sep-26,0.00,,,,,Opening Balance,23580001,Opening Balance,,0,23580001,11-Sep-26,H
1054,AGLA1762,AB,0000000000,AGMH,1-Sep-26,1-Sep-26,1-Sep-26,,1-Sep-26,,,,,,Opening Balance,23580001,Opening Balance,,0,23580001,11-Sep-26,S
1054,MPOT002951,AB,0000000000,AGMH,1-Sep-26,1-Sep-26,1-Sep-26,,1-Sep-26,0.00,,,,,Opening Balance,23580001,Opening Balance,,0,23580001,11-Sep-26,H
1054,MPOT002925,AB,0000000000,AGMH,1-Sep-26,1-Sep-26,1-Sep-26,,1-Sep-26,0.00,,,,,Opening Balance,23580001,Opening Balance,,0,23580001,11-Sep-26,H
1054,MPOT001149,AB,0000000000,AGMH,1-Sep-26,1-Sep-26,1-Sep-26,,1-Sep-26,0.00,,,,,Opening Balance,23580001,Opening Balance,,0,23580001,11-Sep-26,H
1054,MPOT001123,AB,0000000000,AGMH,1-Sep-26,1-Sep-26,1-Sep-26,,1-Sep-26,150161.60,,,,,Opening Balance,23580001,Opening Balance,,0,23580001,11-Sep-26,H
1054,MPOT000204,AB,0000000000,AGMH,1-Sep-26,1-Sep-26,1-Sep-26,,1-Sep-26,0.00,,,,,Opening Balance,23580001,Opening Balance,,0,23580001,11-Sep-26,H
1054,MPOT001713,AB,0000000000,AGMH,1-Sep-26,1-Sep-26,1-Sep-26,,1-Sep-26,0.00,,,,,Opening Balance,23580001,Opening Balance,,0,23580001,11-Sep-26,H
1054,MPOT001210,AB,0000000000,AGMH,1-Sep-26,1-Sep-26,1-Sep-26,,1-Sep-26,455.00,,,,,Opening Balance,23580001,Opening Balance,,0,23580001,11-Sep-26,S
1054,MPOT001707,AB,0000000000,AGMH,1-Sep-26,1-Sep-26,1-Sep-26,,1-Sep-26,,,,,,Opening Balance,23580001,Opening Balance,,0,23580001,11-Sep-26,S
1054,MPOT001232,AB,0000000000,AGMH,1-Sep-26,1-Sep-26,1-Sep-26,,1-Sep-26,8.00,,,,,Opening Balance,23580001,Opening Balance,,0,23580001,11-Sep-26,H
1054,MPOT001683,AB,0000000000,AGMH,1-Sep-26,1-Sep-26,1-Sep-26,,1-Sep-26,0.00,,,,,Opening Balance,23580001,Opening Balance,,0,23580001,11-Sep-26,H
1054,MPOT001238,AB,0000000000,AGMH,1-Sep-26,1-Sep-26,1-Sep-26,,1-Sep-26,0.00,,,,,Opening Balance,23580001,Opening Balance,,0,23580001,11-Sep-26,H
1054,MPOT001620,AB,0000000000,AGMH,1-Sep-26,1-Sep-26,1-Sep-26,,1-Sep-26,0.00,,,,,Opening Balance,23580001,Opening Balance,,0,23580001,11-Sep-26,H
1054,MPOT002490,AB,0000000000,AGMH,1-Sep-26,1-Sep-26,1-Sep-26,,1-Sep-26,0.00,,,,,Opening Balance,23580001,Opening Balance,,0,23580001,11-Sep-26,H
1054,MPOT000181,AB,0000000000,AGMH,1-Sep-26,1-Sep-26,1-Sep-26,,1-Sep-26,,,,,,Opening Balance,23580001,Opening Balance,,0,23580001,11-Sep-26,S
1054,MPOT000566,AB,0000000000,AGMH,1-Sep-26,1-Sep-26,1-Sep-26,,1-Sep-26,,,,,,Opening Balance,23580001,Opening Balance,,0,23580001,11-Sep-26,S
1054,MPOT000722,AB,0000000000,AGMH,1-Sep-26,1-Sep-26,1-Sep-26,,1-Sep-26,,,,,,Opening Balance,23580001,Opening Balance,,0,23580001,11-Sep-26,S
1054,MPOT001648,AB,0000000000,AGMH,1-Sep-26,1-Sep-26,1-Sep-26,,1-Sep-26,,,,,,Opening Balance,23580001,Opening Balance,,0,23580001,11-Sep-26,S
1054,MPOT001649,AB,0000000000,AGMH,1-Sep-26,1-Sep-26,1-Sep-26,,1-Sep-26,,,,,,Opening Balance,23580001,Opening Balance,,0,23580001,11-Sep-26,S
1054,MPOT001650,AB,0000000000,AGMH,1-Sep-26,1-Sep-26,1-Sep-26,,1-Sep-26,,,,,,Opening Balance,23580001,Opening Balance,,0,23580001,11-Sep-26,S
1054,MPOT001688,AB,0000000000,AGMH,1-Sep-26,1-Sep-26,1-Sep-26,,1-Sep-26,0.00,,,,,Opening Balance,23580001,Opening Balance,,0,23580001,11-Sep-26,H
1054,AGMHZPC685,AB,0000000000,AGMH,1-Sep-26,1-Sep-26,1-Sep-26,,1-Sep-26,,,,,,Opening Balance,23580001,Opening Balance,,0,23580001,11-Sep-26,S
1054,AGMHZPC05,AB,0000000000,AGMH,1-Sep-26,1-Sep-26,1-Sep-26,,1-Sep-26,0.00,,,,,Opening Balance,23580001,Opening Balance,,0,23580001,11-Sep-26,H
1054,AGWS0245,AB,0000000000,AGMH,1-Sep-26,1-Sep-26,1-Sep-26,,1-Sep-26,,,,,,Opening Balance,23580001,Opening Balance,,0,23580001,11-Sep-26,S
1054,AGRCS0091,AB,0000000000,AGMH,1-Sep-26,1-Sep-26,1-Sep-26,,1-Sep-26,0.00,,,,,Opening Balance,23580001,Opening Balance,,0,23580001,11-Sep-26,H
1054,SPA0034,AB,0000000000,AGMH,1-Sep-26,1-Sep-26,1-Sep-26,,1-Sep-26,0.00,,,,,Opening Balance,23580001,Opening Balance,,0,23580001,11-Sep-26,H
1054,MPOT001639,AB,0000000000,AGMH,1-Sep-26,1-Sep-26,1-Sep-26,,1-Sep-26,0.00,,,,,Opening Balance,23580001,Opening Balance,,0,23580001,11-Sep-26,H
1054,MPOT001640,AB,0000000000,AGMH,1-Sep-26,1-Sep-26,1-Sep-26,,1-Sep-26,,,,,,Opening Balance,23580001,Opening Balance,,0,23580001,11-Sep-26,S
1054,MPOT001107,AB,0000000000,AGMH,1-Sep-26,1-Sep-26,1-Sep-26,,1-Sep-26,,,,,,Opening Balance,23580001,Opening Balance,,0,23580001,11-Sep-26,S
1054,MPOT001663,AB,0000000000,AGMH,1-Sep-26,1-Sep-26,1-Sep-26,,1-Sep-26,,,,,,Opening Balance,23580001,Opening Balance,,0,23580001,11-Sep-26,S
1054,MPOT001664,AB,0000000000,AGMH,1-Sep-26,1-Sep-26,1-Sep-26,,1-Sep-26,,,,,,Opening Balance,23580001,Opening Balance,,0,23580001,11-Sep-26,S
1054,MPOT001665,AB,0000000000,AGMH,1-Sep-26,1-Sep-26,1-Sep-26,,1-Sep-26,,,,,,Opening Balance,23580001,Opening Balance,,0,23580001,11-Sep-26,S
1054,MPOT000585,AB,0000000000,AGMH,1-Sep-26,1-Sep-26,1-Sep-26,,1-Sep-26,,,,,,Opening Balance,23580001,Opening Balance,,0,23580001,11-Sep-26,S
1054,MPOT000712,AB,0000000000,AGMH,1-Sep-26,1-Sep-26,1-Sep-26,,1-Sep-26,,,,,,Opening Balance,23580001,Opening Balance,,0,23580001,11-Sep-26,S
1054,MPOT000714,AB,0000000000,AGMH,1-Sep-26,1-Sep-26,1-Sep-26,,1-Sep-26,,,,,,Opening Balance,23580001,Opening Balance,,0,23580001,11-Sep-26,S
1054,MPOT000715,AB,0000000000,AGMH,1-Sep-26,1-Sep-26,1-Sep-26,,1-Sep-26,,,,,,Opening Balance,23580001,Opening Balance,,0,23580001,11-Sep-26,S
1054,MPOT000716,AB,0000000000,AGMH,1-Sep-26,1-Sep-26,1-Sep-26,,1-Sep-26,,,,,,Opening Balance,23580001,Opening Balance,,0,23580001,11-Sep-26,S
1054,MPOT000786,AB,0000000000,AGMH,1-Sep-26,1-Sep-26,1-Sep-26,,1-Sep-26,,,,,,Opening Balance,23580001,Opening Balance,,0,23580001,11-Sep-26,S
1054,MPOT000818,AB,0000000000,AGMH,1-Sep-26,1-Sep-26,1-Sep-26,,1-Sep-26,,,,,,Opening Balance,23580001,Opening Balance,,0,23580001,11-Sep-26,S
1054,MPOT000865,AB,0000000000,AGMH,1-Sep-26,1-Sep-26,1-Sep-26,,1-Sep-26,0.00,,,,,Opening Balance,23580001,Opening Balance,,0,23580001,11-Sep-26,H
1054,MPOT000184,AB,0000000000,AGMH,1-Sep-26,1-Sep-26,1-Sep-26,,1-Sep-26,0.00,,,,,Opening Balance,23580001,Opening Balance,,0,23580001,11-Sep-26,H
1054,MPOT001217,AB,0000000000,AGMH,1-Sep-26,1-Sep-26,1-Sep-26,,1-Sep-26,100000.00,,,,,Opening Balance,23580001,Opening Balance,,0,23580001,11-Sep-26,H
1054,MPOT001233,AB,0000000000,AGMH,1-Sep-26,1-Sep-26,1-Sep-26,,1-Sep-26,,,,,,Opening Balance,23580001,Opening Balance,,0,23580001,11-Sep-26,S
1054,MPOT001236,AB,0000000000,AGMH,1-Sep-26,1-Sep-26,1-Sep-26,,1-Sep-26,0.00,,,,,Opening Balance,23580001,Opening Balance,,0,23580001,11-Sep-26,H
1054,MPOT001291,AB,0000000000,AGMH,1-Sep-26,1-Sep-26,1-Sep-26,,1-Sep-26,0.00,,,,,Opening Balance,23580001,Opening Balance,,0,23580001,11-Sep-26,H
1054,MPOT001292,AB,0000000000,AGMH,1-Sep-26,1-Sep-26,1-Sep-26,,1-Sep-26,0.00,,,,,Opening Balance,23580001,Opening Balance,,0,23580001,11-Sep-26,H
1054,MPOT001293,AB,0000000000,AGMH,1-Sep-26,1-Sep-26,1-Sep-26,,1-Sep-26,,,,,,Opening Balance,23580001,Opening Balance,,0,23580001,11-Sep-26,S
1054,MPOT001675,AB,0000000000,AGMH,1-Sep-26,1-Sep-26,1-Sep-26,,1-Sep-26,0.00,,,,,Opening Balance,23580001,Opening Balance,,0,23580001,11-Sep-26,H
1054,AGSJA7448,AB,0000000000,AGMH,1-Sep-26,1-Sep-26,1-Sep-26,,1-Sep-26,,,,,,Opening Balance,23580001,Opening Balance,,0,23580001,11-Sep-26,S
1054,AGTNE0120,AB,0000000000,AGMH,1-Sep-26,1-Sep-26,1-Sep-26,,1-Sep-26,1723632.83,,,,,Opening Balance,23580001,Opening Balance,,0,23580001,11-Sep-26,H
1054,MPOT000554,AB,0000000000,AGMH,1-Sep-26,1-Sep-26,1-Sep-26,,1-Sep-26,0.00,,,,,Opening Balance,23580001,Opening Balance,,0,23580001,11-Sep-26,H
1054,MPOT000098,AB,0000000000,AGMH,1-Sep-26,1-Sep-26,1-Sep-26,,1-Sep-26,0.00,,,,,Opening Balance,23580001,Opening Balance,,0,23580001,11-Sep-26,H
1054,AGCTS0222,AB,0000000000,AGMH,1-Sep-26,1-Sep-26,1-Sep-26,,1-Sep-26,0.00,,,,,Opening Balance,23580001,Opening Balance,,0,23580001,11-Sep-26,H
1054,AGSBA0320,AB,0000000000,AGMH,1-Sep-26,1-Sep-26,1-Sep-26,,1-Sep-26,0.00,,,,,Opening Balance,23580001,Opening Balance,,0,23580001,11-Sep-26,H
1054,MPOT000229,AB,0000000000,AGMH,1-Sep-26,1-Sep-26,1-Sep-26,,1-Sep-26,,,,,,Opening Balance,23580001,Opening Balance,,0,23580001,11-Sep-26,S
1054,MPOT000556,AB,0000000000,AGMH,1-Sep-26,1-Sep-26,1-Sep-26,,1-Sep-26,413950.00,,,,,Opening Balance,23580001,Opening Balance,,0,23580001,11-Sep-26,S
1054,MPOT000558,AB,0000000000,AGMH,1-Sep-26,1-Sep-26,1-Sep-26,,1-Sep-26,,,,,,Opening Balance,23580001,Opening Balance,,0,23580001,11-Sep-26,S
1054,MPOT000565,AB,0000000000,AGMH,1-Sep-26,1-Sep-26,1-Sep-26,,1-Sep-26,0.00,,,,,Opening Balance,23580001,Opening Balance,,0,23580001,11-Sep-26,H
1054,MPOT000002,AB,0000000000,AGMH,1-Sep-26,1-Sep-26,1-Sep-26,,1-Sep-26,0.00,,,,,Opening Balance,23580001,Opening Balance,,0,23580001,11-Sep-26,H
1054,MPOT000335,AB,0000000000,AGMH,1-Sep-26,1-Sep-26,1-Sep-26,,1-Sep-26,0.00,,,,,Opening Balance,23580001,Opening Balance,,0,23580001,11-Sep-26,H
1054,AGPHP0247,AB,0000000000,AGMH,1-Sep-26,1-Sep-26,1-Sep-26,,1-Sep-26,0.00,,,,,Opening Balance,23580001,Opening Balance,,0,23580001,11-Sep-26,H
1054,AGSKCS0152,AB,0000000000,AGMH,1-Sep-26,1-Sep-26,1-Sep-26,,1-Sep-26,0.00,,,,,Opening Balance,23580001,Opening Balance,,0,23580001,11-Sep-26,H
1054,MPOT000779,AB,0000000000,AGMH,1-Sep-26,1-Sep-26,1-Sep-26,,1-Sep-26,0.00,,,,,Opening Balance,23580001,Opening Balance,,0,23580001,11-Sep-26,H
1054,MPOT003466,AB,0000000000,AGMH,1-Sep-26,1-Sep-26,1-Sep-26,,1-Sep-26,1000000.00,,,,,Opening Balance,23580001,Opening Balance,,0,23580001,11-Sep-26,H
1054,MPOT003467,AB,0000000000,AGMH,1-Sep-26,1-Sep-26,1-Sep-26,,1-Sep-26,0.00,,,,,Opening Balance,23580001,Opening Balance,,0,23580001,11-Sep-26,H
1054,MPOT003485,AB,0000000000,AGMH,1-Sep-26,1-Sep-26,1-Sep-26,,1-Sep-26,,,,,,Opening Balance,23580001,Opening Balance,,0,23580001,11-Sep-26,S
1054,MPOT000333,AB,0000000000,AGMH,1-Sep-26,1-Sep-26,1-Sep-26,,1-Sep-26,,,,,,Opening Balance,23580001,Opening Balance,,0,23580001,11-Sep-26,S
1054,MPOT003494,AB,0000000000,AGMH,1-Sep-26,1-Sep-26,1-Sep-26,,1-Sep-26,420394.00,,,,,Opening Balance,23580001,Opening Balance,,0,23580001,11-Sep-26,H
1054,AGMLMC0067,AB,0000000000,AGMH,1-Sep-26,1-Sep-26,1-Sep-26,,1-Sep-26,,,,,,Opening Balance,23580001,Opening Balance,,0,23580001,11-Sep-26,S
1054,AGCSNR0019,AB,0000000000,AGMH,1-Sep-26,1-Sep-26,1-Sep-26,,1-Sep-26,,,,,,Opening Balance,23580001,Opening Balance,,0,23580001,11-Sep-26,S
1054,AGSCS0318,AB,0000000000,AGMH,1-Sep-26,1-Sep-26,1-Sep-26,,1-Sep-26,0.00,,,,,Opening Balance,23580001,Opening Balance,,0,23580001,11-Sep-26,H
1054,AGWS0214,AB,0000000000,AGMH,1-Sep-26,1-Sep-26,1-Sep-26,,1-Sep-26,0.00,,,,,Opening Balance,23580001,Opening Balance,,0,23580001,11-Sep-26,H
1054,AGTNBA0122,AB,0000000000,AGMH,1-Sep-26,1-Sep-26,1-Sep-26,,1-Sep-26,0.00,,,,,Opening Balance,23580001,Opening Balance,,0,23580001,11-Sep-26,H
1054,AGISBF0044,AB,0000000000,AGMH,1-Sep-26,1-Sep-26,1-Sep-26,,1-Sep-26,5073180.17,,,,,Opening Balance,23580001,Opening Balance,,0,23580001,11-Sep-26,H
1054,AGSTI0106,AB,0000000000,AGMH,1-Sep-26,1-Sep-26,1-Sep-26,,1-Sep-26,0.00,,,,,Opening Balance,23580001,Opening Balance,,0,23580001,11-Sep-26,H
1054,AGRN0171,AB,0000000000,AGMH,1-Sep-26,1-Sep-26,1-Sep-26,,1-Sep-26,0.00,,,,,Opening Balance,23580001,Opening Balance,,0,23580001,11-Sep-26,H
1054,AGKT0145,AB,0000000000,AGMH,1-Sep-26,1-Sep-26,1-Sep-26,,1-Sep-26,0.00,,,,,Opening Balance,23580001,Opening Balance,,0,23580001,11-Sep-26,H
1054,AGAVC5487,AB,0000000000,AGMH,1-Sep-26,1-Sep-26,1-Sep-26,,1-Sep-26,0.00,,,,,Opening Balance,23580001,Opening Balance,,0,23580001,11-Sep-26,H
1054,AGMAIA0062,AB,0000000000,AGMH,1-Sep-26,1-Sep-26,1-Sep-26,,1-Sep-26,,,,,,Opening Balance,23580001,Opening Balance,,0,23580001,11-Sep-26,S
1054,AMHZPC1075,AB,0000000000,AGMH,1-Sep-26,1-Sep-26,1-Sep-26,,1-Sep-26,,,,,,Opening Balance,23580001,Opening Balance,,0,23580001,11-Sep-26,S
1054,AGBCS0163,AB,0000000000,AGMH,1-Sep-26,1-Sep-26,1-Sep-26,,1-Sep-26,0.00,,,,,Opening Balance,23580001,Opening Balance,,0,23580001,11-Sep-26,H
1054,AGSDC0025,AB,0000000000,AGMH,1-Sep-26,1-Sep-26,1-Sep-26,,1-Sep-26,2000000.00,,,,,Opening Balance,23580001,Opening Balance,,0,23580001,11-Sep-26,H
1054,AGBT0160,AB,0000000000,AGMH,1-Sep-26,1-Sep-26,1-Sep-26,,1-Sep-26,,,,,,Opening Balance,23580001,Opening Balance,,0,23580001,11-Sep-26,S
1054,AGRNB0082,AB,0000000000,AGMH,1-Sep-26,1-Sep-26,1-Sep-26,,1-Sep-26,0.00,,,,,Opening Balance,23580001,Opening Balance,,0,23580001,11-Sep-26,H
1054,AGQPC3123,AB,0000000000,AGMH,1-Sep-26,1-Sep-26,1-Sep-26,,1-Sep-26,,,,,,Opening Balance,23580001,Opening Balance,,0,23580001,11-Sep-26,S
1054,AGBRPI0012,AB,0000000000,AGMH,1-Sep-26,1-Sep-26,1-Sep-26,,1-Sep-26,0.00,,,,,Opening Balance,23580001,Opening Balance,,0,23580001,11-Sep-26,H
1054,AGLC0056,AB,0000000000,AGMH,1-Sep-26,1-Sep-26,1-Sep-26,,1-Sep-26,0.00,,,,,Opening Balance,23580001,Opening Balance,,0,23580001,11-Sep-26,H
1054,AGVCS0284,AB,0000000000,AGMH,1-Sep-26,1-Sep-26,1-Sep-26,,1-Sep-26,,,,,,Opening Balance,23580001,Opening Balance,,0,23580001,11-Sep-26,S
1054,MPOT002181,AB,0000000000,AGMH,1-Sep-26,1-Sep-26,1-Sep-26,,1-Sep-26,,,,,,Opening Balance,23580001,Opening Balance,,0,23580001,11-Sep-26,S
1054,MPOT002338,AB,0000000000,AGMH,1-Sep-26,1-Sep-26,1-Sep-26,,1-Sep-26,0.00,,,,,Opening Balance,23580001,Opening Balance,,0,23580001,11-Sep-26,H
1054,MPOT002339,AB,0000000000,AGMH,1-Sep-26,1-Sep-26,1-Sep-26,,1-Sep-26,6522.93,,,,,Opening Balance,23580001,Opening Balance,,0,23580001,11-Sep-26,H
1054,MPOT002340,AB,0000000000,AGMH,1-Sep-26,1-Sep-26,1-Sep-26,,1-Sep-26,,,,,,Opening Balance,23580001,Opening Balance,,0,23580001,11-Sep-26,S
1054,MPOT002341,AB,0000000000,AGMH,1-Sep-26,1-Sep-26,1-Sep-26,,1-Sep-26,0.00,,,,,Opening Balance,23580001,Opening Balance,,0,23580001,11-Sep-26,H
1054,MPOT002342,AB,0000000000,AGMH,1-Sep-26,1-Sep-26,1-Sep-26,,1-Sep-26,25698.50,,,,,Opening Balance,23580001,Opening Balance,,0,23580001,11-Sep-26,H
1054,MPOT002343,AB,0000000000,AGMH,1-Sep-26,1-Sep-26,1-Sep-26,,1-Sep-26,0.00,,,,,Opening Balance,23580001,Opening Balance,,0,23580001,11-Sep-26,H
1054,MPOT002344,AB,0000000000,AGMH,1-Sep-26,1-Sep-26,1-Sep-26,,1-Sep-26,0.00,,,,,Opening Balance,23580001,Opening Balance,,0,23580001,11-Sep-26,H
1054,MPOT002506,AB,0000000000,AGMH,1-Sep-26,1-Sep-26,1-Sep-26,,1-Sep-26,,,,,,Opening Balance,23580001,Opening Balance,,0,23580001,11-Sep-26,S
1054,MPOT002505,AB,0000000000,AGMH,1-Sep-26,1-Sep-26,1-Sep-26,,1-Sep-26,144066.40,,,,,Opening Balance,23580001,Opening Balance,,0,23580001,11-Sep-26,H
1054,MPOT002501,AB,0000000000,AGMH,1-Sep-26,1-Sep-26,1-Sep-26,,1-Sep-26,,,,,,Opening Balance,23580001,Opening Balance,,0,23580001,11-Sep-26,S
1054,MPOT002500,AB,0000000000,AGMH,1-Sep-26,1-Sep-26,1-Sep-26,,1-Sep-26,0.00,,,,,Opening Balance,23580001,Opening Balance,,0,23580001,11-Sep-26,H
1054,MPOT002499,AB,0000000000,AGMH,1-Sep-26,1-Sep-26,1-Sep-26,,1-Sep-26,0.00,,,,,Opening Balance,23580001,Opening Balance,,0,23580001,11-Sep-26,H
1054,MPOT002396,AB,0000000000,AGMH,1-Sep-26,1-Sep-26,1-Sep-26,,1-Sep-26,,,,,,Opening Balance,23580001,Opening Balance,,0,23580001,11-Sep-26,S
1054,MPOT002397,AB,0000000000,AGMH,1-Sep-26,1-Sep-26,1-Sep-26,,1-Sep-26,192.40,,,,,Opening Balance,23580001,Opening Balance,,0,23580001,11-Sep-26,H
1054,MPOT002061,AB,0000000000,AGMH,1-Sep-26,1-Sep-26,1-Sep-26,,1-Sep-26,,,,,,Opening Balance,23580001,Opening Balance,,0,23580001,11-Sep-26,S
1054,MPOT002529,AB,0000000000,AGMH,1-Sep-26,1-Sep-26,1-Sep-26,,1-Sep-26,0.00,,,,,Opening Balance,23580001,Opening Balance,,0,23580001,11-Sep-26,H
1054,MPOT002530,AB,0000000000,AGMH,1-Sep-26,1-Sep-26,1-Sep-26,,1-Sep-26,,,,,,Opening Balance,23580001,Opening Balance,,0,23580001,11-Sep-26,S
1054,MPOT001743,AB,0000000000,AGMH,1-Sep-26,1-Sep-26,1-Sep-26,,1-Sep-26,0.00,,,,,Opening Balance,23580001,Opening Balance,,0,23580001,11-Sep-26,H
1054,MPOT001813,AB,0000000000,AGMH,1-Sep-26,1-Sep-26,1-Sep-26,,1-Sep-26,1032612.11,,,,,Opening Balance,23580001,Opening Balance,,0,23580001,11-Sep-26,H
1054,MPOT001856,AB,0000000000,AGMH,1-Sep-26,1-Sep-26,1-Sep-26,,1-Sep-26,3000000.00,,,,,Opening Balance,23580001,Opening Balance,,0,23580001,11-Sep-26,H
1054,MPOT001940,AB,0000000000,AGMH,1-Sep-26,1-Sep-26,1-Sep-26,,1-Sep-26,0.00,,,,,Opening Balance,23580001,Opening Balance,,0,23580001,11-Sep-26,H
1054,MPOT002016,AB,0000000000,AGMH,1-Sep-26,1-Sep-26,1-Sep-26,,1-Sep-26,,,,,,Opening Balance,23580001,Opening Balance,,0,23580001,11-Sep-26,S
1054,MPOT002235,AB,0000000000,AGMH,1-Sep-26,1-Sep-26,1-Sep-26,,1-Sep-26,,,,,,Opening Balance,23580001,Opening Balance,,0,23580001,11-Sep-26,S
1054,MPOT002236,AB,0000000000,AGMH,1-Sep-26,1-Sep-26,1-Sep-26,,1-Sep-26,0.00,,,,,Opening Balance,23580001,Opening Balance,,0,23580001,11-Sep-26,H
1054,MPOT002237,AB,0000000000,AGMH,1-Sep-26,1-Sep-26,1-Sep-26,,1-Sep-26,16.67,,,,,Opening Balance,23580001,Opening Balance,,0,23580001,11-Sep-26,H
1054,MPOT002261,AB,0000000000,AGMH,1-Sep-26,1-Sep-26,1-Sep-26,,1-Sep-26,,,,,,Opening Balance,23580001,Opening Balance,,0,23580001,11-Sep-26,S
1054,MPOT002262,AB,0000000000,AGMH,1-Sep-26,1-Sep-26,1-Sep-26,,1-Sep-26,0.00,,,,,Opening Balance,23580001,Opening Balance,,0,23580001,11-Sep-26,H
1054,MPOT002234,AB,0000000000,AGMH,1-Sep-26,1-Sep-26,1-Sep-26,,1-Sep-26,133799.00,,,,,Opening Balance,23580001,Opening Balance,,0,23580001,11-Sep-26,H
1054,MPOT002348,AB,0000000000,AGMH,1-Sep-26,1-Sep-26,1-Sep-26,,1-Sep-26,0.00,,,,,Opening Balance,23580001,Opening Balance,,0,23580001,11-Sep-26,H
1054,MPOT002349,AB,0000000000,AGMH,1-Sep-26,1-Sep-26,1-Sep-26,,1-Sep-26,10450.00,,,,,Opening Balance,23580001,Opening Balance,,0,23580001,11-Sep-26,H
1054,MPOT002350,AB,0000000000,AGMH,1-Sep-26,1-Sep-26,1-Sep-26,,1-Sep-26,,,,,,Opening Balance,23580001,Opening Balance,,0,23580001,11-Sep-26,S
1054,MPOT002876,AB,0000000000,AGMH,1-Sep-26,1-Sep-26,1-Sep-26,,1-Sep-26,0.00,,,,,Opening Balance,23580001,Opening Balance,,0,23580001,11-Sep-26,H
1054,MPOT002877,AB,0000000000,AGMH,1-Sep-26,1-Sep-26,1-Sep-26,,1-Sep-26,,,,,,Opening Balance,23580001,Opening Balance,,0,23580001,11-Sep-26,S
1054,MPOT003309,AB,0000000000,AGMH,1-Sep-26,1-Sep-26,1-Sep-26,,1-Sep-26,75033.33,,,,,Opening Balance,23580001,Opening Balance,,0,23580001,11-Sep-26,H
1054,MPOT001824,AB,0000000000,AGMH,1-Sep-26,1-Sep-26,1-Sep-26,,1-Sep-26,,,,,,Opening Balance,23580001,Opening Balance,,0,23580001,11-Sep-26,S
1054,MPOT001827,AB,0000000000,AGMH,1-Sep-26,1-Sep-26,1-Sep-26,,1-Sep-26,0.00,,,,,Opening Balance,23580001,Opening Balance,,0,23580001,11-Sep-26,H
1054,MPOT001751,AB,0000000000,AGMH,1-Sep-26,1-Sep-26,1-Sep-26,,1-Sep-26,0.00,,,,,Opening Balance,23580001,Opening Balance,,0,23580001,11-Sep-26,H
1054,MPOT001771,AB,0000000000,AGMH,1-Sep-26,1-Sep-26,1-Sep-26,,1-Sep-26,0.00,,,,,Opening Balance,23580001,Opening Balance,,0,23580001,11-Sep-26,H
1054,MPOT001772,AB,0000000000,AGMH,1-Sep-26,1-Sep-26,1-Sep-26,,1-Sep-26,0.00,,,,,Opening Balance,23580001,Opening Balance,,0,23580001,11-Sep-26,H
1054,MPOT001811,AB,0000000000,AGMH,1-Sep-26,1-Sep-26,1-Sep-26,,1-Sep-26,29062.00,,,,,Opening Balance,23580001,Opening Balance,,0,23580001,11-Sep-26,H
1054,MPOT002316,AB,0000000000,AGMH,1-Sep-26,1-Sep-26,1-Sep-26,,1-Sep-26,0.00,,,,,Opening Balance,23580001,Opening Balance,,0,23580001,11-Sep-26,H
1054,MPOT001762,AB,0000000000,AGMH,1-Sep-26,1-Sep-26,1-Sep-26,,1-Sep-26,,,,,,Opening Balance,23580001,Opening Balance,,0,23580001,11-Sep-26,S
1054,MPOT002310,AB,0000000000,AGMH,1-Sep-26,1-Sep-26,1-Sep-26,,1-Sep-26,,,,,,Opening Balance,23580001,Opening Balance,,0,23580001,11-Sep-26,S
1054,MPOT002309,AB,0000000000,AGMH,1-Sep-26,1-Sep-26,1-Sep-26,,1-Sep-26,,,,,,Opening Balance,23580001,Opening Balance,,0,23580001,11-Sep-26,S
1054,MPOT002311,AB,0000000000,AGMH,1-Sep-26,1-Sep-26,1-Sep-26,,1-Sep-26,,,,,,Opening Balance,23580001,Opening Balance,,0,23580001,11-Sep-26,S
1054,MPOT002312,AB,0000000000,AGMH,1-Sep-26,1-Sep-26,1-Sep-26,,1-Sep-26,0.00,,,,,Opening Balance,23580001,Opening Balance,,0,23580001,11-Sep-26,H
1054,MPOT002313,AB,0000000000,AGMH,1-Sep-26,1-Sep-26,1-Sep-26,,1-Sep-26,,,,,,Opening Balance,23580001,Opening Balance,,0,23580001,11-Sep-26,S
1054,MPOT002545,AB,0000000000,AGMH,1-Sep-26,1-Sep-26,1-Sep-26,,1-Sep-26,0.00,,,,,Opening Balance,23580001,Opening Balance,,0,23580001,11-Sep-26,H
1054,MPOT002544,AB,0000000000,AGMH,1-Sep-26,1-Sep-26,1-Sep-26,,1-Sep-26,,,,,,Opening Balance,23580001,Opening Balance,,0,23580001,11-Sep-26,S
1054,MPOT002543,AB,0000000000,AGMH,1-Sep-26,1-Sep-26,1-Sep-26,,1-Sep-26,,,,,,Opening Balance,23580001,Opening Balance,,0,23580001,11-Sep-26,S
1054,MPOT002532,AB,0000000000,AGMH,1-Sep-26,1-Sep-26,1-Sep-26,,1-Sep-26,2020514.00,,,,,Opening Balance,23580001,Opening Balance,,0,23580001,11-Sep-26,H
1054,MPOT002531,AB,0000000000,AGMH,1-Sep-26,1-Sep-26,1-Sep-26,,1-Sep-26,,,,,,Opening Balance,23580001,Opening Balance,,0,23580001,11-Sep-26,S
1054,MPOT001793,AB,0000000000,AGMH,1-Sep-26,1-Sep-26,1-Sep-26,,1-Sep-26,0.00,,,,,Opening Balance,23580001,Opening Balance,,0,23580001,11-Sep-26,H
1054,MPOT002315,AB,0000000000,AGMH,1-Sep-26,1-Sep-26,1-Sep-26,,1-Sep-26,0.00,,,,,Opening Balance,23580001,Opening Balance,,0,23580001,11-Sep-26,H
1054,MPOT001728,AB,0000000000,AGMH,1-Sep-26,1-Sep-26,1-Sep-26,,1-Sep-26,0.00,,,,,Opening Balance,23580001,Opening Balance,,0,23580001,11-Sep-26,H
1054,MPOT001729,AB,0000000000,AGMH,1-Sep-26,1-Sep-26,1-Sep-26,,1-Sep-26,0.00,,,,,Opening Balance,23580001,Opening Balance,,0,23580001,11-Sep-26,H
1054,MPOT002324,AB,0000000000,AGMH,1-Sep-26,1-Sep-26,1-Sep-26,,1-Sep-26,514200.00,,,,,Opening Balance,23580001,Opening Balance,,0,23580001,11-Sep-26,H
1054,MPOT002329,AB,0000000000,AGMH,1-Sep-26,1-Sep-26,1-Sep-26,,1-Sep-26,,,,,,Opening Balance,23580001,Opening Balance,,0,23580001,11-Sep-26,S
1054,MPOT002330,AB,0000000000,AGMH,1-Sep-26,1-Sep-26,1-Sep-26,,1-Sep-26,0.00,,,,,Opening Balance,23580001,Opening Balance,,0,23580001,11-Sep-26,H
1054,MPOT002127,AB,0000000000,AGMH,1-Sep-26,1-Sep-26,1-Sep-26,,1-Sep-26,412507.33,,,,,Opening Balance,23580001,Opening Balance,,0,23580001,11-Sep-26,H
1054,Customer002,AB,0000000000,AGMH,1-Sep-26,1-Sep-26,1-Sep-26,,1-Sep-26,,,,,,Opening Balance,23580001,Opening Balance,,0,23580001,11-Sep-26,S
1054,MPOT003525,AB,0000000000,AGMH,1-Sep-26,1-Sep-26,1-Sep-26,,1-Sep-26,274995.28,,,,,Opening Balance,23580001,Opening Balance,,0,23580001,11-Sep-26,H
1054,MPOT003526,AB,0000000000,AGMH,1-Sep-26,1-Sep-26,1-Sep-26,,1-Sep-26,0.00,,,,,Opening Balance,23580001,Opening Balance,,0,23580001,11-Sep-26,H
1054,MPOT003527,AB,0000000000,AGMH,1-Sep-26,1-Sep-26,1-Sep-26,,1-Sep-26,,,,,,Opening Balance,23580001,Opening Balance,,0,23580001,11-Sep-26,S
1054,MPOT003528,AB,0000000000,AGMH,1-Sep-26,1-Sep-26,1-Sep-26,,1-Sep-26,0.00,,,,,Opening Balance,23580001,Opening Balance,,0,23580001,11-Sep-26,H
1054,MPOT003529,AB,0000000000,AGMH,1-Sep-26,1-Sep-26,1-Sep-26,,1-Sep-26,137500.00,,,,,Opening Balance,23580001,Opening Balance,,0,23580001,11-Sep-26,H
1054,MPOT003530,AB,0000000000,AGMH,1-Sep-26,1-Sep-26,1-Sep-26,,1-Sep-26,35000.00,,,,,Opening Balance,23580001,Opening Balance,,0,23580001,11-Sep-26,H
1054,MPOT003785,AB,0000000000,AGMH,1-Sep-26,1-Sep-26,1-Sep-26,,1-Sep-26,1000016.67,,,,,Opening Balance,23580001,Opening Balance,,0,23580001,11-Sep-26,H
1054,MPOT003786,AB,0000000000,AGMH,1-Sep-26,1-Sep-26,1-Sep-26,,1-Sep-26,50.00,,,,,Opening Balance,23580001,Opening Balance,,0,23580001,11-Sep-26,H
1054,AGMHZPC177,AB,0000000000,AGMH,1-Sep-26,1-Sep-26,1-Sep-26,,1-Sep-26,18308.70,,,,,Opening Balance,23580001,Opening Balance,,0,23580001,11-Sep-26,S
1054,MPOT003579,AB,0000000000,AGMH,1-Sep-26,1-Sep-26,1-Sep-26,,1-Sep-26,,,,,,Opening Balance,23580001,Opening Balance,,0,23580001,11-Sep-26,S
1054,MPOT003532,AB,0000000000,AGMH,1-Sep-26,1-Sep-26,1-Sep-26,,1-Sep-26,,,,,,Opening Balance,23580001,Opening Balance,,0,23580001,11-Sep-26,S
1054,MPOT003577,AB,0000000000,AGMH,1-Sep-26,1-Sep-26,1-Sep-26,,1-Sep-26,,,,,,Opening Balance,23580001,Opening Balance,,0,23580001,11-Sep-26,S
1054,MPOT003578,AB,0000000000,AGMH,1-Sep-26,1-Sep-26,1-Sep-26,,1-Sep-26,,,,,,Opening Balance,23580001,Opening Balance,,0,23580001,11-Sep-26,S
1054,MPOT003522,AB,0000000000,AGMH,1-Sep-26,1-Sep-26,1-Sep-26,,1-Sep-26,1000.00,,,,,Opening Balance,23580001,Opening Balance,,0,23580001,11-Sep-26,H
1054,MPOT003523,AB,0000000000,AGMH,1-Sep-26,1-Sep-26,1-Sep-26,,1-Sep-26,,,,,,Opening Balance,23580001,Opening Balance,,0,23580001,11-Sep-26,S
1054,MPOT003524,AB,0000000000,AGMH,1-Sep-26,1-Sep-26,1-Sep-26,,1-Sep-26,1500000.00,,,,,Opening Balance,23580001,Opening Balance,,0,23580001,11-Sep-26,H
1054,MPOT003519,AB,0000000000,AGMH,1-Sep-26,1-Sep-26,1-Sep-26,,1-Sep-26,,,,,,Opening Balance,23580001,Opening Balance,,0,23580001,11-Sep-26,S
1054,MPOT003936,AB,0000000000,AGMH,1-Sep-26,1-Sep-26,1-Sep-26,,1-Sep-26,0.00,,,,,Opening Balance,23580001,Opening Balance,,0,23580001,11-Sep-26,H
1054,MPOT003937,AB,0000000000,AGMH,1-Sep-26,1-Sep-26,1-Sep-26,,1-Sep-26,9100.00,,,,,Opening Balance,23580001,Opening Balance,,0,23580001,11-Sep-26,H
1054,MPOT003999,AB,0000000000,AGMH,1-Sep-26,1-Sep-26,1-Sep-26,,1-Sep-26,83229.00,,,,,Opening Balance,23580001,Opening Balance,,0,23580001,11-Sep-26,S
1054,25007100,AB,0000000000,AGMH,1-Sep-26,1-Sep-26,1-Sep-26,,1-Sep-26,,,,,,Opening Balance,23580001,Opening Balance,,0,23580001,11-Sep-26,S
1054,MPOT004099,AB,0000000000,AGMH,1-Sep-26,1-Sep-26,1-Sep-26,,1-Sep-26,,,,,,Opening Balance,23580001,Opening Balance,,0,23580001,11-Sep-26,S
